/* Auto-generated from Genshin Impact.mp4. 128x64 1bpp, RLE-compressed. */
#include <stdint.h>

const uint16_t MOVIE_FRAME_COUNT = 280;
const uint16_t MOVIE_RLE_MAX = 262;
const uint16_t MOVIE_FRAME_BYTES = 1024;

const uint32_t MOVIE_DATA_LEN = 18828;
const uint32_t MOVIE_OFFSET[281] = {
    0, 34, 68, 102, 136, 170, 204, 238,
    272, 306, 340, 374, 408, 442, 476, 510,
    544, 578, 612, 646, 680, 714, 748, 782,
    816, 850, 884, 918, 952, 986, 1020, 1054,
    1088, 1122, 1156, 1190, 1224, 1258, 1292, 1326,
    1360, 1394, 1428, 1462, 1496, 1530, 1564, 1598,
    1632, 1666, 1700, 1734, 1768, 1802, 1836, 1870,
    1904, 1938, 1972, 2006, 2040, 2074, 2108, 2142,
    2176, 2210, 2244, 2278, 2312, 2346, 2380, 2414,
    2448, 2482, 2516, 2550, 2584, 2618, 2652, 2686,
    2720, 2754, 2788, 2822, 2856, 2890, 2924, 2958,
    2992, 3026, 3060, 3094, 3128, 3162, 3196, 3230,
    3264, 3298, 3332, 3366, 3400, 3434, 3468, 3502,
    3536, 3570, 3604, 3638, 3672, 3706, 3740, 3774,
    3808, 3842, 3876, 3910, 3944, 3978, 4012, 4046,
    4080, 4114, 4148, 4182, 4216, 4250, 4284, 4318,
    4352, 4386, 4420, 4454, 4488, 4522, 4556, 4590,
    4624, 4658, 4692, 4726, 4760, 4794, 4828, 4862,
    4896, 4930, 4964, 4998, 5032, 5066, 5100, 5134,
    5168, 5202, 5236, 5270, 5304, 5338, 5372, 5406,
    5440, 5474, 5508, 5542, 5576, 5610, 5644, 5678,
    5712, 5746, 5780, 5814, 5848, 5882, 5916, 5950,
    5984, 6042, 6160, 6282, 6406, 6530, 6656, 6782,
    6908, 7034, 7160, 7286, 7412, 7538, 7664, 7790,
    7916, 8042, 8168, 8294, 8420, 8546, 8672, 8798,
    8924, 9050, 9176, 9302, 9428, 9554, 9680, 9806,
    9932, 10058, 10184, 10310, 10436, 10562, 10688, 10814,
    10940, 11066, 11192, 11318, 11444, 11570, 11696, 11822,
    11948, 12074, 12200, 12326, 12452, 12578, 12704, 12826,
    12948, 13070, 13192, 13314, 13436, 13558, 13684, 13810,
    13868, 13902, 13936, 13970, 14004, 14038, 14072, 14106,
    14140, 14174, 14208, 14242, 14318, 14580, 14840, 15098,
    15342, 15578, 15814, 16056, 16296, 16524, 16746, 16968,
    17194, 17400, 17618, 17834, 18054, 18282, 18508, 18738,
    18748, 18758, 18768, 18778, 18788, 18798, 18808, 18818,
    18828, 
};

const uint8_t MOVIE_DATA[18828] = {
    0x07,0x00,0x72,0xFF,0x0E,0x00,0x72,0xFF,0x0E,0x00,0x72,0xFF,0x0E,0x00,0x72,0xFF,
    0x0E,0x00,0x72,0xFF,0x0E,0x00,0x72,0xFF,0x0E,0x00,0x72,0xFF,0x0E,0x00,0x72,0xFF,
    0x07,0x00,0x07,0x00,0x72,0xFF,0x0E,0x00,0x72,0xFF,0x0E,0x00,0x72,0xFF,0x0E,0x00,
    0x72,0xFF,0x0E,0x00,0x72,0xFF,0x0E,0x00,0x72,0xFF,0x0E,0x00,0x72,0xFF,0x0E,0x00,
    0x72,0xFF,0x07,0x00,0x07,0x00,0x72,0xFF,0x0E,0x00,0x72,0xFF,0x0E,0x00,0x72,0xFF,
    0x0E,0x00,0x72,0xFF,0x0E,0x00,0x72,0xFF,0x0E,0x00,0x72,0xFF,0x0E,0x00,0x72,0xFF,
    0x0E,0x00,0x72,0xFF,0x07,0x00,0x07,0x00,0x72,0xFF,0x0E,0x00,0x72,0xFF,0x0E,0x00,
    0x72,0xFF,0x0E,0x00,0x72,0xFF,0x0E,0x00,0x72,0xFF,0x0E,0x00,0x72,0xFF,0x0E,0x00,
    0x72,0xFF,0x0E,0x00,0x72,0xFF,0x07,0x00,0x07,0x00,0x72,0xFF,0x0E,0x00,0x72,0xFF,
    0x0E,0x00,0x72,0xFF,0x0E,0x00,0x72,0xFF,0x0E,0x00,0x72,0xFF,0x0E,0x00,0x72,0xFF,
    0x0E,0x00,0x72,0xFF,0x0E,0x00,0x72,0xFF,0x07,0x00,0x07,0x00,0x72,0xFF,0x0E,0x00,
    0x72,0xFF,0x0E,0x00,0x72,0xFF,0x0E,0x00,0x72,0xFF,0x0E,0x00,0x72,0xFF,0x0E,0x00,
    0x72,0xFF,0x0E,0x00,0x72,0xFF,0x0E,0x00,0x72,0xFF,0x07,0x00,0x07,0x00,0x72,0xFF,
    0x0E,0x00,0x72,0xFF,0x0E,0x00,0x72,0xFF,0x0E,0x00,0x72,0xFF,0x0E,0x00,0x72,0xFF,
    0x0E,0x00,0x72,0xFF,0x0E,0x00,0x72,0xFF,0x0E,0x00,0x72,0xFF,0x07,0x00,0x07,0x00,
    0x72,0xFF,0x0E,0x00,0x72,0xFF,0x0E,0x00,0x72,0xFF,0x0E,0x00,0x72,0xFF,0x0E,0x00,
    0x72,0xFF,0x0E,0x00,0x72,0xFF,0x0E,0x00,0x72,0xFF,0x0E,0x00,0x72,0xFF,0x07,0x00,
    0x07,0x00,0x72,0xFF,0x0E,0x00,0x72,0xFF,0x0E,0x00,0x72,0xFF,0x0E,0x00,0x72,0xFF,
    0x0E,0x00,0x72,0xFF,0x0E,0x00,0x72,0xFF,0x0E,0x00,0x72,0xFF,0x0E,0x00,0x72,0xFF,
    0x07,0x00,0x07,0x00,0x72,0xFF,0x0E,0x00,0x72,0xFF,0x0E,0x00,0x72,0xFF,0x0E,0x00,
    0x72,0xFF,0x0E,0x00,0x72,0xFF,0x0E,0x00,0x72,0xFF,0x0E,0x00,0x72,0xFF,0x0E,0x00,
    0x72,0xFF,0x07,0x00,0x07,0x00,0x72,0xFF,0x0E,0x00,0x72,0xFF,0x0E,0x00,0x72,0xFF,
    0x0E,0x00,0x72,0xFF,0x0E,0x00,0x72,0xFF,0x0E,0x00,0x72,0xFF,0x0E,0x00,0x72,0xFF,
    0x0E,0x00,0x72,0xFF,0x07,0x00,0x07,0x00,0x72,0xFF,0x0E,0x00,0x72,0xFF,0x0E,0x00,
    0x72,0xFF,0x0E,0x00,0x72,0xFF,0x0E,0x00,0x72,0xFF,0x0E,0x00,0x72,0xFF,0x0E,0x00,
    0x72,0xFF,0x0E,0x00,0x72,0xFF,0x07,0x00,0x07,0x00,0x72,0xFF,0x0E,0x00,0x72,0xFF,
    0x0E,0x00,0x72,0xFF,0x0E,0x00,0x72,0xFF,0x0E,0x00,0x72,0xFF,0x0E,0x00,0x72,0xFF,
    0x0E,0x00,0x72,0xFF,0x0E,0x00,0x72,0xFF,0x07,0x00,0x07,0x00,0x72,0xFF,0x0E,0x00,
    0x72,0xFF,0x0E,0x00,0x72,0xFF,0x0E,0x00,0x72,0xFF,0x0E,0x00,0x72,0xFF,0x0E,0x00,
    0x72,0xFF,0x0E,0x00,0x72,0xFF,0x0E,0x00,0x72,0xFF,0x07,0x00,0x07,0x00,0x72,0xFF,
    0x0E,0x00,0x72,0xFF,0x0E,0x00,0x72,0xFF,0x0E,0x00,0x72,0xFF,0x0E,0x00,0x72,0xFF,
    0x0E,0x00,0x72,0xFF,0x0E,0x00,0x72,0xFF,0x0E,0x00,0x72,0xFF,0x07,0x00,0x07,0x00,
    0x72,0xFF,0x0E,0x00,0x72,0xFF,0x0E,0x00,0x72,0xFF,0x0E,0x00,0x72,0xFF,0x0E,0x00,
    0x72,0xFF,0x0E,0x00,0x72,0xFF,0x0E,0x00,0x72,0xFF,0x0E,0x00,0x72,0xFF,0x07,0x00,
    0x07,0x00,0x72,0xFF,0x0E,0x00,0x72,0xFF,0x0E,0x00,0x72,0xFF,0x0E,0x00,0x72,0xFF,
    0x0E,0x00,0x72,0xFF,0x0E,0x00,0x72,0xFF,0x0E,0x00,0x72,0xFF,0x0E,0x00,0x72,0xFF,
    0x07,0x00,0x07,0x00,0x72,0xFF,0x0E,0x00,0x72,0xFF,0x0E,0x00,0x72,0xFF,0x0E,0x00,
    0x72,0xFF,0x0E,0x00,0x72,0xFF,0x0E,0x00,0x72,0xFF,0x0E,0x00,0x72,0xFF,0x0E,0x00,
    0x72,0xFF,0x07,0x00,0x07,0x00,0x72,0xFF,0x0E,0x00,0x72,0xFF,0x0E,0x00,0x72,0xFF,
    0x0E,0x00,0x72,0xFF,0x0E,0x00,0x72,0xFF,0x0E,0x00,0x72,0xFF,0x0E,0x00,0x72,0xFF,
    0x0E,0x00,0x72,0xFF,0x07,0x00,0x07,0x00,0x72,0xFF,0x0E,0x00,0x72,0xFF,0x0E,0x00,
    0x72,0xFF,0x0E,0x00,0x72,0xFF,0x0E,0x00,0x72,0xFF,0x0E,0x00,0x72,0xFF,0x0E,0x00,
    0x72,0xFF,0x0E,0x00,0x72,0xFF,0x07,0x00,0x07,0x00,0x72,0xFF,0x0E,0x00,0x72,0xFF,
    0x0E,0x00,0x72,0xFF,0x0E,0x00,0x72,0xFF,0x0E,0x00,0x72,0xFF,0x0E,0x00,0x72,0xFF,
    0x0E,0x00,0x72,0xFF,0x0E,0x00,0x72,0xFF,0x07,0x00,0x07,0x00,0x72,0xFF,0x0E,0x00,
    0x72,0xFF,0x0E,0x00,0x72,0xFF,0x0E,0x00,0x72,0xFF,0x0E,0x00,0x72,0xFF,0x0E,0x00,
    0x72,0xFF,0x0E,0x00,0x72,0xFF,0x0E,0x00,0x72,0xFF,0x07,0x00,0x07,0x00,0x72,0xFF,
    0x0E,0x00,0x72,0xFF,0x0E,0x00,0x72,0xFF,0x0E,0x00,0x72,0xFF,0x0E,0x00,0x72,0xFF,
    0x0E,0x00,0x72,0xFF,0x0E,0x00,0x72,0xFF,0x0E,0x00,0x72,0xFF,0x07,0x00,0x07,0x00,
    0x72,0xFF,0x0E,0x00,0x72,0xFF,0x0E,0x00,0x72,0xFF,0x0E,0x00,0x72,0xFF,0x0E,0x00,
    0x72,0xFF,0x0E,0x00,0x72,0xFF,0x0E,0x00,0x72,0xFF,0x0E,0x00,0x72,0xFF,0x07,0x00,
    0x07,0x00,0x72,0xFF,0x0E,0x00,0x72,0xFF,0x0E,0x00,0x72,0xFF,0x0E,0x00,0x72,0xFF,
    0x0E,0x00,0x72,0xFF,0x0E,0x00,0x72,0xFF,0x0E,0x00,0x72,0xFF,0x0E,0x00,0x72,0xFF,
    0x07,0x00,0x07,0x00,0x72,0xFF,0x0E,0x00,0x72,0xFF,0x0E,0x00,0x72,0xFF,0x0E,0x00,
    0x72,0xFF,0x0E,0x00,0x72,0xFF,0x0E,0x00,0x72,0xFF,0x0E,0x00,0x72,0xFF,0x0E,0x00,
    0x72,0xFF,0x07,0x00,0x07,0x00,0x72,0xFF,0x0E,0x00,0x72,0xFF,0x0E,0x00,0x72,0xFF,
    0x0E,0x00,0x72,0xFF,0x0E,0x00,0x72,0xFF,0x0E,0x00,0x72,0xFF,0x0E,0x00,0x72,0xFF,
    0x0E,0x00,0x72,0xFF,0x07,0x00,0x07,0x00,0x72,0xFF,0x0E,0x00,0x72,0xFF,0x0E,0x00,
    0x72,0xFF,0x0E,0x00,0x72,0xFF,0x0E,0x00,0x72,0xFF,0x0E,0x00,0x72,0xFF,0x0E,0x00,
    0x72,0xFF,0x0E,0x00,0x72,0xFF,0x07,0x00,0x07,0x00,0x72,0xFF,0x0E,0x00,0x72,0xFF,
    0x0E,0x00,0x72,0xFF,0x0E,0x00,0x72,0xFF,0x0E,0x00,0x72,0xFF,0x0E,0x00,0x72,0xFF,
    0x0E,0x00,0x72,0xFF,0x0E,0x00,0x72,0xFF,0x07,0x00,0x07,0x00,0x72,0xFF,0x0E,0x00,
    0x72,0xFF,0x0E,0x00,0x72,0xFF,0x0E,0x00,0x72,0xFF,0x0E,0x00,0x72,0xFF,0x0E,0x00,
    0x72,0xFF,0x0E,0x00,0x72,0xFF,0x0E,0x00,0x72,0xFF,0x07,0x00,0x07,0x00,0x72,0xFF,
    0x0E,0x00,0x72,0xFF,0x0E,0x00,0x72,0xFF,0x0E,0x00,0x72,0xFF,0x0E,0x00,0x72,0xFF,
    0x0E,0x00,0x72,0xFF,0x0E,0x00,0x72,0xFF,0x0E,0x00,0x72,0xFF,0x07,0x00,0x07,0x00,
    0x72,0xFF,0x0E,0x00,0x72,0xFF,0x0E,0x00,0x72,0xFF,0x0E,0x00,0x72,0xFF,0x0E,0x00,
    0x72,0xFF,0x0E,0x00,0x72,0xFF,0x0E,0x00,0x72,0xFF,0x0E,0x00,0x72,0xFF,0x07,0x00,
    0x07,0x00,0x72,0xFF,0x0E,0x00,0x72,0xFF,0x0E,0x00,0x72,0xFF,0x0E,0x00,0x72,0xFF,
    0x0E,0x00,0x72,0xFF,0x0E,0x00,0x72,0xFF,0x0E,0x00,0x72,0xFF,0x0E,0x00,0x72,0xFF,
    0x07,0x00,0x07,0x00,0x72,0xFF,0x0E,0x00,0x72,0xFF,0x0E,0x00,0x72,0xFF,0x0E,0x00,
    0x72,0xFF,0x0E,0x00,0x72,0xFF,0x0E,0x00,0x72,0xFF,0x0E,0x00,0x72,0xFF,0x0E,0x00,
    0x72,0xFF,0x07,0x00,0x07,0x00,0x72,0xFF,0x0E,0x00,0x72,0xFF,0x0E,0x00,0x72,0xFF,
    0x0E,0x00,0x72,0xFF,0x0E,0x00,0x72,0xFF,0x0E,0x00,0x72,0xFF,0x0E,0x00,0x72,0xFF,
    0x0E,0x00,0x72,0xFF,0x07,0x00,0x07,0x00,0x72,0xFF,0x0E,0x00,0x72,0xFF,0x0E,0x00,
    0x72,0xFF,0x0E,0x00,0x72,0xFF,0x0E,0x00,0x72,0xFF,0x0E,0x00,0x72,0xFF,0x0E,0x00,
    0x72,0xFF,0x0E,0x00,0x72,0xFF,0x07,0x00,0x07,0x00,0x72,0xFF,0x0E,0x00,0x72,0xFF,
    0x0E,0x00,0x72,0xFF,0x0E,0x00,0x72,0xFF,0x0E,0x00,0x72,0xFF,0x0E,0x00,0x72,0xFF,
    0x0E,0x00,0x72,0xFF,0x0E,0x00,0x72,0xFF,0x07,0x00,0x07,0x00,0x72,0xFF,0x0E,0x00,
    0x72,0xFF,0x0E,0x00,0x72,0xFF,0x0E,0x00,0x72,0xFF,0x0E,0x00,0x72,0xFF,0x0E,0x00,
    0x72,0xFF,0x0E,0x00,0x72,0xFF,0x0E,0x00,0x72,0xFF,0x07,0x00,0x07,0x00,0x72,0xFF,
    0x0E,0x00,0x72,0xFF,0x0E,0x00,0x72,0xFF,0x0E,0x00,0x72,0xFF,0x0E,0x00,0x72,0xFF,
    0x0E,0x00,0x72,0xFF,0x0E,0x00,0x72,0xFF,0x0E,0x00,0x72,0xFF,0x07,0x00,0x07,0x00,
    0x72,0xFF,0x0E,0x00,0x72,0xFF,0x0E,0x00,0x72,0xFF,0x0E,0x00,0x72,0xFF,0x0E,0x00,
    0x72,0xFF,0x0E,0x00,0x72,0xFF,0x0E,0x00,0x72,0xFF,0x0E,0x00,0x72,0xFF,0x07,0x00,
    0x07,0x00,0x72,0xFF,0x0E,0x00,0x72,0xFF,0x0E,0x00,0x72,0xFF,0x0E,0x00,0x72,0xFF,
    0x0E,0x00,0x72,0xFF,0x0E,0x00,0x72,0xFF,0x0E,0x00,0x72,0xFF,0x0E,0x00,0x72,0xFF,
    0x07,0x00,0x07,0x00,0x72,0xFF,0x0E,0x00,0x72,0xFF,0x0E,0x00,0x72,0xFF,0x0E,0x00,
    0x72,0xFF,0x0E,0x00,0x72,0xFF,0x0E,0x00,0x72,0xFF,0x0E,0x00,0x72,0xFF,0x0E,0x00,
    0x72,0xFF,0x07,0x00,0x07,0x00,0x72,0xFF,0x0E,0x00,0x72,0xFF,0x0E,0x00,0x72,0xFF,
    0x0E,0x00,0x72,0xFF,0x0E,0x00,0x72,0xFF,0x0E,0x00,0x72,0xFF,0x0E,0x00,0x72,0xFF,
    0x0E,0x00,0x72,0xFF,0x07,0x00,0x07,0x00,0x72,0xFF,0x0E,0x00,0x72,0xFF,0x0E,0x00,
    0x72,0xFF,0x0E,0x00,0x72,0xFF,0x0E,0x00,0x72,0xFF,0x0E,0x00,0x72,0xFF,0x0E,0x00,
    0x72,0xFF,0x0E,0x00,0x72,0xFF,0x07,0x00,0x07,0x00,0x72,0xFF,0x0E,0x00,0x72,0xFF,
    0x0E,0x00,0x72,0xFF,0x0E,0x00,0x72,0xFF,0x0E,0x00,0x72,0xFF,0x0E,0x00,0x72,0xFF,
    0x0E,0x00,0x72,0xFF,0x0E,0x00,0x72,0xFF,0x07,0x00,0x07,0x00,0x72,0xFF,0x0E,0x00,
    0x72,0xFF,0x0E,0x00,0x72,0xFF,0x0E,0x00,0x72,0xFF,0x0E,0x00,0x72,0xFF,0x0E,0x00,
    0x72,0xFF,0x0E,0x00,0x72,0xFF,0x0E,0x00,0x72,0xFF,0x07,0x00,0x07,0x00,0x72,0xFF,
    0x0E,0x00,0x72,0xFF,0x0E,0x00,0x72,0xFF,0x0E,0x00,0x72,0xFF,0x0E,0x00,0x72,0xFF,
    0x0E,0x00,0x72,0xFF,0x0E,0x00,0x72,0xFF,0x0E,0x00,0x72,0xFF,0x07,0x00,0x07,0x00,
    0x72,0xFF,0x0E,0x00,0x72,0xFF,0x0E,0x00,0x72,0xFF,0x0E,0x00,0x72,0xFF,0x0E,0x00,
    0x72,0xFF,0x0E,0x00,0x72,0xFF,0x0E,0x00,0x72,0xFF,0x0E,0x00,0x72,0xFF,0x07,0x00,
    0x07,0x00,0x72,0xFF,0x0E,0x00,0x72,0xFF,0x0E,0x00,0x72,0xFF,0x0E,0x00,0x72,0xFF,
    0x0E,0x00,0x72,0xFF,0x0E,0x00,0x72,0xFF,0x0E,0x00,0x72,0xFF,0x0E,0x00,0x72,0xFF,
    0x07,0x00,0x07,0x00,0x72,0xFF,0x0E,0x00,0x72,0xFF,0x0E,0x00,0x72,0xFF,0x0E,0x00,
    0x72,0xFF,0x0E,0x00,0x72,0xFF,0x0E,0x00,0x72,0xFF,0x0E,0x00,0x72,0xFF,0x0E,0x00,
    0x72,0xFF,0x07,0x00,0x07,0x00,0x72,0xFF,0x0E,0x00,0x72,0xFF,0x0E,0x00,0x72,0xFF,
    0x0E,0x00,0x72,0xFF,0x0E,0x00,0x72,0xFF,0x0E,0x00,0x72,0xFF,0x0E,0x00,0x72,0xFF,
    0x0E,0x00,0x72,0xFF,0x07,0x00,0x07,0x00,0x72,0xFF,0x0E,0x00,0x72,0xFF,0x0E,0x00,
    0x72,0xFF,0x0E,0x00,0x72,0xFF,0x0E,0x00,0x72,0xFF,0x0E,0x00,0x72,0xFF,0x0E,0x00,
    0x72,0xFF,0x0E,0x00,0x72,0xFF,0x07,0x00,0x07,0x00,0x72,0xFF,0x0E,0x00,0x72,0xFF,
    0x0E,0x00,0x72,0xFF,0x0E,0x00,0x72,0xFF,0x0E,0x00,0x72,0xFF,0x0E,0x00,0x72,0xFF,
    0x0E,0x00,0x72,0xFF,0x0E,0x00,0x72,0xFF,0x07,0x00,0x07,0x00,0x72,0xFF,0x0E,0x00,
    0x72,0xFF,0x0E,0x00,0x72,0xFF,0x0E,0x00,0x72,0xFF,0x0E,0x00,0x72,0xFF,0x0E,0x00,
    0x72,0xFF,0x0E,0x00,0x72,0xFF,0x0E,0x00,0x72,0xFF,0x07,0x00,0x07,0x00,0x72,0xFF,
    0x0E,0x00,0x72,0xFF,0x0E,0x00,0x72,0xFF,0x0E,0x00,0x72,0xFF,0x0E,0x00,0x72,0xFF,
    0x0E,0x00,0x72,0xFF,0x0E,0x00,0x72,0xFF,0x0E,0x00,0x72,0xFF,0x07,0x00,0x07,0x00,
    0x72,0xFF,0x0E,0x00,0x72,0xFF,0x0E,0x00,0x72,0xFF,0x0E,0x00,0x72,0xFF,0x0E,0x00,
    0x72,0xFF,0x0E,0x00,0x72,0xFF,0x0E,0x00,0x72,0xFF,0x0E,0x00,0x72,0xFF,0x07,0x00,
    0x07,0x00,0x72,0xFF,0x0E,0x00,0x72,0xFF,0x0E,0x00,0x72,0xFF,0x0E,0x00,0x72,0xFF,
    0x0E,0x00,0x72,0xFF,0x0E,0x00,0x72,0xFF,0x0E,0x00,0x72,0xFF,0x0E,0x00,0x72,0xFF,
    0x07,0x00,0x07,0x00,0x72,0xFF,0x0E,0x00,0x72,0xFF,0x0E,0x00,0x72,0xFF,0x0E,0x00,
    0x72,0xFF,0x0E,0x00,0x72,0xFF,0x0E,0x00,0x72,0xFF,0x0E,0x00,0x72,0xFF,0x0E,0x00,
    0x72,0xFF,0x07,0x00,0x07,0x00,0x72,0xFF,0x0E,0x00,0x72,0xFF,0x0E,0x00,0x72,0xFF,
    0x0E,0x00,0x72,0xFF,0x0E,0x00,0x72,0xFF,0x0E,0x00,0x72,0xFF,0x0E,0x00,0x72,0xFF,
    0x0E,0x00,0x72,0xFF,0x07,0x00,0x07,0x00,0x72,0xFF,0x0E,0x00,0x72,0xFF,0x0E,0x00,
    0x72,0xFF,0x0E,0x00,0x72,0xFF,0x0E,0x00,0x72,0xFF,0x0E,0x00,0x72,0xFF,0x0E,0x00,
    0x72,0xFF,0x0E,0x00,0x72,0xFF,0x07,0x00,0x07,0x00,0x72,0xFF,0x0E,0x00,0x72,0xFF,
    0x0E,0x00,0x72,0xFF,0x0E,0x00,0x72,0xFF,0x0E,0x00,0x72,0xFF,0x0E,0x00,0x72,0xFF,
    0x0E,0x00,0x72,0xFF,0x0E,0x00,0x72,0xFF,0x07,0x00,0x07,0x00,0x72,0xFF,0x0E,0x00,
    0x72,0xFF,0x0E,0x00,0x72,0xFF,0x0E,0x00,0x72,0xFF,0x0E,0x00,0x72,0xFF,0x0E,0x00,
    0x72,0xFF,0x0E,0x00,0x72,0xFF,0x0E,0x00,0x72,0xFF,0x07,0x00,0x07,0x00,0x72,0xFF,
    0x0E,0x00,0x72,0xFF,0x0E,0x00,0x72,0xFF,0x0E,0x00,0x72,0xFF,0x0E,0x00,0x72,0xFF,
    0x0E,0x00,0x72,0xFF,0x0E,0x00,0x72,0xFF,0x0E,0x00,0x72,0xFF,0x07,0x00,0x07,0x00,
    0x72,0xFF,0x0E,0x00,0x72,0xFF,0x0E,0x00,0x72,0xFF,0x0E,0x00,0x72,0xFF,0x0E,0x00,
    0x72,0xFF,0x0E,0x00,0x72,0xFF,0x0E,0x00,0x72,0xFF,0x0E,0x00,0x72,0xFF,0x07,0x00,
    0x07,0x00,0x72,0xFF,0x0E,0x00,0x72,0xFF,0x0E,0x00,0x72,0xFF,0x0E,0x00,0x72,0xFF,
    0x0E,0x00,0x72,0xFF,0x0E,0x00,0x72,0xFF,0x0E,0x00,0x72,0xFF,0x0E,0x00,0x72,0xFF,
    0x07,0x00,0x07,0x00,0x72,0xFF,0x0E,0x00,0x72,0xFF,0x0E,0x00,0x72,0xFF,0x0E,0x00,
    0x72,0xFF,0x0E,0x00,0x72,0xFF,0x0E,0x00,0x72,0xFF,0x0E,0x00,0x72,0xFF,0x0E,0x00,
    0x72,0xFF,0x07,0x00,0x07,0x00,0x72,0xFF,0x0E,0x00,0x72,0xFF,0x0E,0x00,0x72,0xFF,
    0x0E,0x00,0x72,0xFF,0x0E,0x00,0x72,0xFF,0x0E,0x00,0x72,0xFF,0x0E,0x00,0x72,0xFF,
    0x0E,0x00,0x72,0xFF,0x07,0x00,0x07,0x00,0x72,0xFF,0x0E,0x00,0x72,0xFF,0x0E,0x00,
    0x72,0xFF,0x0E,0x00,0x72,0xFF,0x0E,0x00,0x72,0xFF,0x0E,0x00,0x72,0xFF,0x0E,0x00,
    0x72,0xFF,0x0E,0x00,0x72,0xFF,0x07,0x00,0x07,0x00,0x72,0xFF,0x0E,0x00,0x72,0xFF,
    0x0E,0x00,0x72,0xFF,0x0E,0x00,0x72,0xFF,0x0E,0x00,0x72,0xFF,0x0E,0x00,0x72,0xFF,
    0x0E,0x00,0x72,0xFF,0x0E,0x00,0x72,0xFF,0x07,0x00,0x07,0x00,0x72,0xFF,0x0E,0x00,
    0x72,0xFF,0x0E,0x00,0x72,0xFF,0x0E,0x00,0x72,0xFF,0x0E,0x00,0x72,0xFF,0x0E,0x00,
    0x72,0xFF,0x0E,0x00,0x72,0xFF,0x0E,0x00,0x72,0xFF,0x07,0x00,0x07,0x00,0x72,0xFF,
    0x0E,0x00,0x72,0xFF,0x0E,0x00,0x72,0xFF,0x0E,0x00,0x72,0xFF,0x0E,0x00,0x72,0xFF,
    0x0E,0x00,0x72,0xFF,0x0E,0x00,0x72,0xFF,0x0E,0x00,0x72,0xFF,0x07,0x00,0x07,0x00,
    0x72,0xFF,0x0E,0x00,0x72,0xFF,0x0E,0x00,0x72,0xFF,0x0E,0x00,0x72,0xFF,0x0E,0x00,
    0x72,0xFF,0x0E,0x00,0x72,0xFF,0x0E,0x00,0x72,0xFF,0x0E,0x00,0x72,0xFF,0x07,0x00,
    0x07,0x00,0x72,0xFF,0x0E,0x00,0x72,0xFF,0x0E,0x00,0x72,0xFF,0x0E,0x00,0x72,0xFF,
    0x0E,0x00,0x72,0xFF,0x0E,0x00,0x72,0xFF,0x0E,0x00,0x72,0xFF,0x0E,0x00,0x72,0xFF,
    0x07,0x00,0x07,0x00,0x72,0xFF,0x0E,0x00,0x72,0xFF,0x0E,0x00,0x72,0xFF,0x0E,0x00,
    0x72,0xFF,0x0E,0x00,0x72,0xFF,0x0E,0x00,0x72,0xFF,0x0E,0x00,0x72,0xFF,0x0E,0x00,
    0x72,0xFF,0x07,0x00,0x07,0x00,0x72,0xFF,0x0E,0x00,0x72,0xFF,0x0E,0x00,0x72,0xFF,
    0x0E,0x00,0x72,0xFF,0x0E,0x00,0x72,0xFF,0x0E,0x00,0x72,0xFF,0x0E,0x00,0x72,0xFF,
    0x0E,0x00,0x72,0xFF,0x07,0x00,0x07,0x00,0x72,0xFF,0x0E,0x00,0x72,0xFF,0x0E,0x00,
    0x72,0xFF,0x0E,0x00,0x72,0xFF,0x0E,0x00,0x72,0xFF,0x0E,0x00,0x72,0xFF,0x0E,0x00,
    0x72,0xFF,0x0E,0x00,0x72,0xFF,0x07,0x00,0x07,0x00,0x72,0xFF,0x0E,0x00,0x72,0xFF,
    0x0E,0x00,0x72,0xFF,0x0E,0x00,0x72,0xFF,0x0E,0x00,0x72,0xFF,0x0E,0x00,0x72,0xFF,
    0x0E,0x00,0x72,0xFF,0x0E,0x00,0x72,0xFF,0x07,0x00,0x07,0x00,0x72,0xFF,0x0E,0x00,
    0x72,0xFF,0x0E,0x00,0x72,0xFF,0x0E,0x00,0x72,0xFF,0x0E,0x00,0x72,0xFF,0x0E,0x00,
    0x72,0xFF,0x0E,0x00,0x72,0xFF,0x0E,0x00,0x72,0xFF,0x07,0x00,0x07,0x00,0x72,0xFF,
    0x0E,0x00,0x72,0xFF,0x0E,0x00,0x72,0xFF,0x0E,0x00,0x72,0xFF,0x0E,0x00,0x72,0xFF,
    0x0E,0x00,0x72,0xFF,0x0E,0x00,0x72,0xFF,0x0E,0x00,0x72,0xFF,0x07,0x00,0x07,0x00,
    0x72,0xFF,0x0E,0x00,0x72,0xFF,0x0E,0x00,0x72,0xFF,0x0E,0x00,0x72,0xFF,0x0E,0x00,
    0x72,0xFF,0x0E,0x00,0x72,0xFF,0x0E,0x00,0x72,0xFF,0x0E,0x00,0x72,0xFF,0x07,0x00,
    0x07,0x00,0x72,0xFF,0x0E,0x00,0x72,0xFF,0x0E,0x00,0x72,0xFF,0x0E,0x00,0x72,0xFF,
    0x0E,0x00,0x72,0xFF,0x0E,0x00,0x72,0xFF,0x0E,0x00,0x72,0xFF,0x0E,0x00,0x72,0xFF,
    0x07,0x00,0x07,0x00,0x72,0xFF,0x0E,0x00,0x72,0xFF,0x0E,0x00,0x72,0xFF,0x0E,0x00,
    0x72,0xFF,0x0E,0x00,0x72,0xFF,0x0E,0x00,0x72,0xFF,0x0E,0x00,0x72,0xFF,0x0E,0x00,
    0x72,0xFF,0x07,0x00,0x07,0x00,0x72,0xFF,0x0E,0x00,0x72,0xFF,0x0E,0x00,0x72,0xFF,
    0x0E,0x00,0x72,0xFF,0x0E,0x00,0x72,0xFF,0x0E,0x00,0x72,0xFF,0x0E,0x00,0x72,0xFF,
    0x0E,0x00,0x72,0xFF,0x07,0x00,0x07,0x00,0x72,0xFF,0x0E,0x00,0x72,0xFF,0x0E,0x00,
    0x72,0xFF,0x0E,0x00,0x72,0xFF,0x0E,0x00,0x72,0xFF,0x0E,0x00,0x72,0xFF,0x0E,0x00,
    0x72,0xFF,0x0E,0x00,0x72,0xFF,0x07,0x00,0x07,0x00,0x72,0xFF,0x0E,0x00,0x72,0xFF,
    0x0E,0x00,0x72,0xFF,0x0E,0x00,0x72,0xFF,0x0E,0x00,0x72,0xFF,0x0E,0x00,0x72,0xFF,
    0x0E,0x00,0x72,0xFF,0x0E,0x00,0x72,0xFF,0x07,0x00,0x07,0x00,0x72,0xFF,0x0E,0x00,
    0x72,0xFF,0x0E,0x00,0x72,0xFF,0x0E,0x00,0x72,0xFF,0x0E,0x00,0x72,0xFF,0x0E,0x00,
    0x72,0xFF,0x0E,0x00,0x72,0xFF,0x0E,0x00,0x72,0xFF,0x07,0x00,0x07,0x00,0x72,0xFF,
    0x0E,0x00,0x72,0xFF,0x0E,0x00,0x72,0xFF,0x0E,0x00,0x72,0xFF,0x0E,0x00,0x72,0xFF,
    0x0E,0x00,0x72,0xFF,0x0E,0x00,0x72,0xFF,0x0E,0x00,0x72,0xFF,0x07,0x00,0x07,0x00,
    0x72,0xFF,0x0E,0x00,0x72,0xFF,0x0E,0x00,0x72,0xFF,0x0E,0x00,0x72,0xFF,0x0E,0x00,
    0x72,0xFF,0x0E,0x00,0x72,0xFF,0x0E,0x00,0x72,0xFF,0x0E,0x00,0x72,0xFF,0x07,0x00,
    0x07,0x00,0x72,0xFF,0x0E,0x00,0x72,0xFF,0x0E,0x00,0x72,0xFF,0x0E,0x00,0x72,0xFF,
    0x0E,0x00,0x72,0xFF,0x0E,0x00,0x72,0xFF,0x0E,0x00,0x72,0xFF,0x0E,0x00,0x72,0xFF,
    0x07,0x00,0x07,0x00,0x72,0xFF,0x0E,0x00,0x72,0xFF,0x0E,0x00,0x72,0xFF,0x0E,0x00,
    0x72,0xFF,0x0E,0x00,0x72,0xFF,0x0E,0x00,0x72,0xFF,0x0E,0x00,0x72,0xFF,0x0E,0x00,
    0x72,0xFF,0x07,0x00,0x07,0x00,0x72,0xFF,0x0E,0x00,0x72,0xFF,0x0E,0x00,0x72,0xFF,
    0x0E,0x00,0x72,0xFF,0x0E,0x00,0x72,0xFF,0x0E,0x00,0x72,0xFF,0x0E,0x00,0x72,0xFF,
    0x0E,0x00,0x72,0xFF,0x07,0x00,0x07,0x00,0x72,0xFF,0x0E,0x00,0x72,0xFF,0x0E,0x00,
    0x72,0xFF,0x0E,0x00,0x72,0xFF,0x0E,0x00,0x72,0xFF,0x0E,0x00,0x72,0xFF,0x0E,0x00,
    0x72,0xFF,0x0E,0x00,0x72,0xFF,0x07,0x00,0x07,0x00,0x72,0xFF,0x0E,0x00,0x72,0xFF,
    0x0E,0x00,0x72,0xFF,0x0E,0x00,0x72,0xFF,0x0E,0x00,0x72,0xFF,0x0E,0x00,0x72,0xFF,
    0x0E,0x00,0x72,0xFF,0x0E,0x00,0x72,0xFF,0x07,0x00,0x07,0x00,0x72,0xFF,0x0E,0x00,
    0x72,0xFF,0x0E,0x00,0x72,0xFF,0x0E,0x00,0x72,0xFF,0x0E,0x00,0x72,0xFF,0x0E,0x00,
    0x72,0xFF,0x0E,0x00,0x72,0xFF,0x0E,0x00,0x72,0xFF,0x07,0x00,0x07,0x00,0x72,0xFF,
    0x0E,0x00,0x72,0xFF,0x0E,0x00,0x72,0xFF,0x0E,0x00,0x72,0xFF,0x0E,0x00,0x72,0xFF,
    0x0E,0x00,0x72,0xFF,0x0E,0x00,0x72,0xFF,0x0E,0x00,0x72,0xFF,0x07,0x00,0x07,0x00,
    0x72,0xFF,0x0E,0x00,0x72,0xFF,0x0E,0x00,0x72,0xFF,0x0E,0x00,0x72,0xFF,0x0E,0x00,
    0x72,0xFF,0x0E,0x00,0x72,0xFF,0x0E,0x00,0x72,0xFF,0x0E,0x00,0x72,0xFF,0x07,0x00,
    0x07,0x00,0x72,0xFF,0x0E,0x00,0x72,0xFF,0x0E,0x00,0x72,0xFF,0x0E,0x00,0x72,0xFF,
    0x0E,0x00,0x72,0xFF,0x0E,0x00,0x72,0xFF,0x0E,0x00,0x72,0xFF,0x0E,0x00,0x72,0xFF,
    0x07,0x00,0x07,0x00,0x72,0xFF,0x0E,0x00,0x72,0xFF,0x0E,0x00,0x72,0xFF,0x0E,0x00,
    0x72,0xFF,0x0E,0x00,0x72,0xFF,0x0E,0x00,0x72,0xFF,0x0E,0x00,0x72,0xFF,0x0E,0x00,
    0x72,0xFF,0x07,0x00,0x07,0x00,0x72,0xFF,0x0E,0x00,0x72,0xFF,0x0E,0x00,0x72,0xFF,
    0x0E,0x00,0x72,0xFF,0x0E,0x00,0x72,0xFF,0x0E,0x00,0x72,0xFF,0x0E,0x00,0x72,0xFF,
    0x0E,0x00,0x72,0xFF,0x07,0x00,0x07,0x00,0x72,0xFF,0x0E,0x00,0x72,0xFF,0x0E,0x00,
    0x72,0xFF,0x0E,0x00,0x72,0xFF,0x0E,0x00,0x72,0xFF,0x0E,0x00,0x72,0xFF,0x0E,0x00,
    0x72,0xFF,0x0E,0x00,0x72,0xFF,0x07,0x00,0x07,0x00,0x72,0xFF,0x0E,0x00,0x72,0xFF,
    0x0E,0x00,0x72,0xFF,0x0E,0x00,0x72,0xFF,0x0E,0x00,0x72,0xFF,0x0E,0x00,0x72,0xFF,
    0x0E,0x00,0x72,0xFF,0x0E,0x00,0x72,0xFF,0x07,0x00,0x07,0x00,0x72,0xFF,0x0E,0x00,
    0x72,0xFF,0x0E,0x00,0x72,0xFF,0x0E,0x00,0x72,0xFF,0x0E,0x00,0x72,0xFF,0x0E,0x00,
    0x72,0xFF,0x0E,0x00,0x72,0xFF,0x0E,0x00,0x72,0xFF,0x07,0x00,0x07,0x00,0x72,0xFF,
    0x0E,0x00,0x72,0xFF,0x0E,0x00,0x72,0xFF,0x0E,0x00,0x72,0xFF,0x0E,0x00,0x72,0xFF,
    0x0E,0x00,0x72,0xFF,0x0E,0x00,0x72,0xFF,0x0E,0x00,0x72,0xFF,0x07,0x00,0x07,0x00,
    0x72,0xFF,0x0E,0x00,0x72,0xFF,0x0E,0x00,0x72,0xFF,0x0E,0x00,0x72,0xFF,0x0E,0x00,
    0x72,0xFF,0x0E,0x00,0x72,0xFF,0x0E,0x00,0x72,0xFF,0x0E,0x00,0x72,0xFF,0x07,0x00,
    0x07,0x00,0x72,0xFF,0x0E,0x00,0x72,0xFF,0x0E,0x00,0x72,0xFF,0x0E,0x00,0x72,0xFF,
    0x0E,0x00,0x72,0xFF,0x0E,0x00,0x72,0xFF,0x0E,0x00,0x72,0xFF,0x0E,0x00,0x72,0xFF,
    0x07,0x00,0x07,0x00,0x72,0xFF,0x0E,0x00,0x72,0xFF,0x0E,0x00,0x72,0xFF,0x0E,0x00,
    0x72,0xFF,0x0E,0x00,0x72,0xFF,0x0E,0x00,0x72,0xFF,0x0E,0x00,0x72,0xFF,0x0E,0x00,
    0x72,0xFF,0x07,0x00,0x07,0x00,0x72,0xFF,0x0E,0x00,0x72,0xFF,0x0E,0x00,0x72,0xFF,
    0x0E,0x00,0x72,0xFF,0x0E,0x00,0x72,0xFF,0x0E,0x00,0x72,0xFF,0x0E,0x00,0x72,0xFF,
    0x0E,0x00,0x72,0xFF,0x07,0x00,0x07,0x00,0x72,0xFF,0x0E,0x00,0x72,0xFF,0x0E,0x00,
    0x72,0xFF,0x0E,0x00,0x72,0xFF,0x0E,0x00,0x72,0xFF,0x0E,0x00,0x72,0xFF,0x0E,0x00,
    0x72,0xFF,0x0E,0x00,0x72,0xFF,0x07,0x00,0x07,0x00,0x72,0xFF,0x0E,0x00,0x72,0xFF,
    0x0E,0x00,0x72,0xFF,0x0E,0x00,0x72,0xFF,0x0E,0x00,0x72,0xFF,0x0E,0x00,0x72,0xFF,
    0x0E,0x00,0x72,0xFF,0x0E,0x00,0x72,0xFF,0x07,0x00,0x07,0x00,0x72,0xFF,0x0E,0x00,
    0x72,0xFF,0x0E,0x00,0x72,0xFF,0x0E,0x00,0x72,0xFF,0x0E,0x00,0x72,0xFF,0x0E,0x00,
    0x72,0xFF,0x0E,0x00,0x72,0xFF,0x0E,0x00,0x72,0xFF,0x07,0x00,0x07,0x00,0x72,0xFF,
    0x0E,0x00,0x72,0xFF,0x0E,0x00,0x72,0xFF,0x0E,0x00,0x72,0xFF,0x0E,0x00,0x72,0xFF,
    0x0E,0x00,0x72,0xFF,0x0E,0x00,0x72,0xFF,0x0E,0x00,0x72,0xFF,0x07,0x00,0x07,0x00,
    0x72,0xFF,0x0E,0x00,0x72,0xFF,0x0E,0x00,0x72,0xFF,0x0E,0x00,0x72,0xFF,0x0E,0x00,
    0x72,0xFF,0x0E,0x00,0x72,0xFF,0x0E,0x00,0x72,0xFF,0x0E,0x00,0x72,0xFF,0x07,0x00,
    0x07,0x00,0x72,0xFF,0x0E,0x00,0x72,0xFF,0x0E,0x00,0x72,0xFF,0x0E,0x00,0x72,0xFF,
    0x0E,0x00,0x72,0xFF,0x0E,0x00,0x72,0xFF,0x0E,0x00,0x72,0xFF,0x0E,0x00,0x72,0xFF,
    0x07,0x00,0x07,0x00,0x72,0xFF,0x0E,0x00,0x72,0xFF,0x0E,0x00,0x72,0xFF,0x0E,0x00,
    0x72,0xFF,0x0E,0x00,0x72,0xFF,0x0E,0x00,0x72,0xFF,0x0E,0x00,0x72,0xFF,0x0E,0x00,
    0x72,0xFF,0x07,0x00,0x07,0x00,0x72,0xFF,0x0E,0x00,0x72,0xFF,0x0E,0x00,0x72,0xFF,
    0x0E,0x00,0x72,0xFF,0x0E,0x00,0x72,0xFF,0x0E,0x00,0x72,0xFF,0x0E,0x00,0x72,0xFF,
    0x0E,0x00,0x72,0xFF,0x07,0x00,0x07,0x00,0x72,0xFF,0x0E,0x00,0x72,0xFF,0x0E,0x00,
    0x72,0xFF,0x0E,0x00,0x72,0xFF,0x0E,0x00,0x72,0xFF,0x0E,0x00,0x72,0xFF,0x0E,0x00,
    0x72,0xFF,0x0E,0x00,0x72,0xFF,0x07,0x00,0x07,0x00,0x72,0xFF,0x0E,0x00,0x72,0xFF,
    0x0E,0x00,0x72,0xFF,0x0E,0x00,0x72,0xFF,0x0E,0x00,0x72,0xFF,0x0E,0x00,0x72,0xFF,
    0x0E,0x00,0x72,0xFF,0x0E,0x00,0x72,0xFF,0x07,0x00,0x07,0x00,0x72,0xFF,0x0E,0x00,
    0x72,0xFF,0x0E,0x00,0x72,0xFF,0x0E,0x00,0x72,0xFF,0x0E,0x00,0x72,0xFF,0x0E,0x00,
    0x72,0xFF,0x0E,0x00,0x72,0xFF,0x0E,0x00,0x72,0xFF,0x07,0x00,0x07,0x00,0x72,0xFF,
    0x0E,0x00,0x72,0xFF,0x0E,0x00,0x72,0xFF,0x0E,0x00,0x72,0xFF,0x0E,0x00,0x72,0xFF,
    0x0E,0x00,0x72,0xFF,0x0E,0x00,0x72,0xFF,0x0E,0x00,0x72,0xFF,0x07,0x00,0x07,0x00,
    0x72,0xFF,0x0E,0x00,0x72,0xFF,0x0E,0x00,0x72,0xFF,0x0E,0x00,0x72,0xFF,0x0E,0x00,
    0x72,0xFF,0x0E,0x00,0x72,0xFF,0x0E,0x00,0x72,0xFF,0x0E,0x00,0x72,0xFF,0x07,0x00,
    0x07,0x00,0x72,0xFF,0x0E,0x00,0x72,0xFF,0x0E,0x00,0x72,0xFF,0x0E,0x00,0x72,0xFF,
    0x0E,0x00,0x72,0xFF,0x0E,0x00,0x72,0xFF,0x0E,0x00,0x72,0xFF,0x0E,0x00,0x72,0xFF,
    0x07,0x00,0x07,0x00,0x72,0xFF,0x0E,0x00,0x72,0xFF,0x0E,0x00,0x72,0xFF,0x0E,0x00,
    0x72,0xFF,0x0E,0x00,0x72,0xFF,0x0E,0x00,0x72,0xFF,0x0E,0x00,0x72,0xFF,0x0E,0x00,
    0x72,0xFF,0x07,0x00,0x07,0x00,0x72,0xFF,0x0E,0x00,0x72,0xFF,0x0E,0x00,0x72,0xFF,
    0x0E,0x00,0x72,0xFF,0x0E,0x00,0x72,0xFF,0x0E,0x00,0x72,0xFF,0x0E,0x00,0x72,0xFF,
    0x0E,0x00,0x72,0xFF,0x07,0x00,0x07,0x00,0x72,0xFF,0x0E,0x00,0x72,0xFF,0x0E,0x00,
    0x72,0xFF,0x0E,0x00,0x72,0xFF,0x0E,0x00,0x72,0xFF,0x0E,0x00,0x72,0xFF,0x0E,0x00,
    0x72,0xFF,0x0E,0x00,0x72,0xFF,0x07,0x00,0x07,0x00,0x72,0xFF,0x0E,0x00,0x72,0xFF,
    0x0E,0x00,0x72,0xFF,0x0E,0x00,0x72,0xFF,0x0E,0x00,0x72,0xFF,0x0E,0x00,0x72,0xFF,
    0x0E,0x00,0x72,0xFF,0x0E,0x00,0x72,0xFF,0x07,0x00,0x07,0x00,0x72,0xFF,0x0E,0x00,
    0x72,0xFF,0x0E,0x00,0x72,0xFF,0x0E,0x00,0x72,0xFF,0x0E,0x00,0x72,0xFF,0x0E,0x00,
    0x72,0xFF,0x0E,0x00,0x72,0xFF,0x0E,0x00,0x72,0xFF,0x07,0x00,0x07,0x00,0x72,0xFF,
    0x0E,0x00,0x72,0xFF,0x0E,0x00,0x72,0xFF,0x0E,0x00,0x72,0xFF,0x0E,0x00,0x72,0xFF,
    0x0E,0x00,0x72,0xFF,0x0E,0x00,0x72,0xFF,0x0E,0x00,0x72,0xFF,0x07,0x00,0x07,0x00,
    0x72,0xFF,0x0E,0x00,0x72,0xFF,0x0E,0x00,0x72,0xFF,0x0E,0x00,0x72,0xFF,0x0E,0x00,
    0x72,0xFF,0x0E,0x00,0x72,0xFF,0x0E,0x00,0x72,0xFF,0x0E,0x00,0x72,0xFF,0x07,0x00,
    0x07,0x00,0x72,0xFF,0x0E,0x00,0x72,0xFF,0x0E,0x00,0x72,0xFF,0x0E,0x00,0x72,0xFF,
    0x0E,0x00,0x72,0xFF,0x0E,0x00,0x72,0xFF,0x0E,0x00,0x72,0xFF,0x0E,0x00,0x72,0xFF,
    0x07,0x00,0x07,0x00,0x72,0xFF,0x0E,0x00,0x72,0xFF,0x0E,0x00,0x72,0xFF,0x0E,0x00,
    0x72,0xFF,0x0E,0x00,0x72,0xFF,0x0E,0x00,0x72,0xFF,0x0E,0x00,0x72,0xFF,0x0E,0x00,
    0x72,0xFF,0x07,0x00,0x07,0x00,0x72,0xFF,0x0E,0x00,0x72,0xFF,0x0E,0x00,0x72,0xFF,
    0x0E,0x00,0x72,0xFF,0x0E,0x00,0x72,0xFF,0x0E,0x00,0x72,0xFF,0x0E,0x00,0x72,0xFF,
    0x0E,0x00,0x72,0xFF,0x07,0x00,0x07,0x00,0x72,0xFF,0x0E,0x00,0x72,0xFF,0x0E,0x00,
    0x72,0xFF,0x0E,0x00,0x72,0xFF,0x0E,0x00,0x72,0xFF,0x0E,0x00,0x72,0xFF,0x0E,0x00,
    0x72,0xFF,0x0E,0x00,0x72,0xFF,0x07,0x00,0x07,0x00,0x72,0xFF,0x0E,0x00,0x72,0xFF,
    0x0E,0x00,0x72,0xFF,0x0E,0x00,0x72,0xFF,0x0E,0x00,0x72,0xFF,0x0E,0x00,0x72,0xFF,
    0x0E,0x00,0x72,0xFF,0x0E,0x00,0x72,0xFF,0x07,0x00,0x07,0x00,0x72,0xFF,0x0E,0x00,
    0x72,0xFF,0x0E,0x00,0x72,0xFF,0x0E,0x00,0x72,0xFF,0x0E,0x00,0x72,0xFF,0x0E,0x00,
    0x72,0xFF,0x0E,0x00,0x72,0xFF,0x0E,0x00,0x72,0xFF,0x07,0x00,0x07,0x00,0x72,0xFF,
    0x0E,0x00,0x72,0xFF,0x0E,0x00,0x72,0xFF,0x0E,0x00,0x72,0xFF,0x0E,0x00,0x72,0xFF,
    0x0E,0x00,0x72,0xFF,0x0E,0x00,0x72,0xFF,0x0E,0x00,0x72,0xFF,0x07,0x00,0x07,0x00,
    0x72,0xFF,0x0E,0x00,0x72,0xFF,0x0E,0x00,0x72,0xFF,0x0E,0x00,0x72,0xFF,0x0E,0x00,
    0x72,0xFF,0x0E,0x00,0x72,0xFF,0x0E,0x00,0x72,0xFF,0x0E,0x00,0x72,0xFF,0x07,0x00,
    0x07,0x00,0x72,0xFF,0x0E,0x00,0x72,0xFF,0x0E,0x00,0x72,0xFF,0x0E,0x00,0x72,0xFF,
    0x0E,0x00,0x72,0xFF,0x0E,0x00,0x72,0xFF,0x0E,0x00,0x72,0xFF,0x0E,0x00,0x72,0xFF,
    0x07,0x00,0x07,0x00,0x72,0xFF,0x0E,0x00,0x72,0xFF,0x0E,0x00,0x72,0xFF,0x0E,0x00,
    0x72,0xFF,0x0E,0x00,0x72,0xFF,0x0E,0x00,0x72,0xFF,0x0E,0x00,0x72,0xFF,0x0E,0x00,
    0x72,0xFF,0x07,0x00,0x07,0x00,0x72,0xFF,0x0E,0x00,0x72,0xFF,0x0E,0x00,0x72,0xFF,
    0x0E,0x00,0x72,0xFF,0x0E,0x00,0x72,0xFF,0x0E,0x00,0x72,0xFF,0x0E,0x00,0x72,0xFF,
    0x0E,0x00,0x72,0xFF,0x07,0x00,0x07,0x00,0x72,0xFF,0x0E,0x00,0x72,0xFF,0x0E,0x00,
    0x72,0xFF,0x0E,0x00,0x72,0xFF,0x0E,0x00,0x72,0xFF,0x0E,0x00,0x72,0xFF,0x0E,0x00,
    0x72,0xFF,0x0E,0x00,0x72,0xFF,0x07,0x00,0x07,0x00,0x72,0xFF,0x0E,0x00,0x72,0xFF,
    0x0E,0x00,0x72,0xFF,0x0E,0x00,0x72,0xFF,0x0E,0x00,0x72,0xFF,0x0E,0x00,0x72,0xFF,
    0x0E,0x00,0x72,0xFF,0x0E,0x00,0x72,0xFF,0x07,0x00,0x07,0x00,0x72,0xFF,0x0E,0x00,
    0x72,0xFF,0x0E,0x00,0x72,0xFF,0x0E,0x00,0x72,0xFF,0x0E,0x00,0x72,0xFF,0x0E,0x00,
    0x72,0xFF,0x0E,0x00,0x72,0xFF,0x0E,0x00,0x72,0xFF,0x07,0x00,0x07,0x00,0x72,0xFF,
    0x0E,0x00,0x72,0xFF,0x0E,0x00,0x72,0xFF,0x0E,0x00,0x72,0xFF,0x0E,0x00,0x72,0xFF,
    0x0E,0x00,0x72,0xFF,0x0E,0x00,0x72,0xFF,0x0E,0x00,0x72,0xFF,0x07,0x00,0x07,0x00,
    0x72,0xFF,0x0E,0x00,0x72,0xFF,0x0E,0x00,0x72,0xFF,0x0E,0x00,0x72,0xFF,0x0E,0x00,
    0x72,0xFF,0x0E,0x00,0x72,0xFF,0x0E,0x00,0x72,0xFF,0x0E,0x00,0x72,0xFF,0x07,0x00,
    0x07,0x00,0x72,0xFF,0x0E,0x00,0x72,0xFF,0x0E,0x00,0x72,0xFF,0x0E,0x00,0x72,0xFF,
    0x0E,0x00,0x72,0xFF,0x0E,0x00,0x72,0xFF,0x0E,0x00,0x72,0xFF,0x0E,0x00,0x72,0xFF,
    0x07,0x00,0x07,0x00,0x72,0xFF,0x0E,0x00,0x72,0xFF,0x0E,0x00,0x72,0xFF,0x0E,0x00,
    0x72,0xFF,0x0E,0x00,0x72,0xFF,0x0E,0x00,0x72,0xFF,0x0E,0x00,0x72,0xFF,0x0E,0x00,
    0x72,0xFF,0x07,0x00,0x07,0x00,0x72,0xFF,0x0E,0x00,0x72,0xFF,0x0E,0x00,0x72,0xFF,
    0x0E,0x00,0x72,0xFF,0x0E,0x00,0x72,0xFF,0x0E,0x00,0x72,0xFF,0x0E,0x00,0x72,0xFF,
    0x0E,0x00,0x72,0xFF,0x07,0x00,0x07,0x00,0x72,0xFF,0x0E,0x00,0x72,0xFF,0x0E,0x00,
    0x72,0xFF,0x0E,0x00,0x72,0xFF,0x0E,0x00,0x72,0xFF,0x0E,0x00,0x72,0xFF,0x0E,0x00,
    0x72,0xFF,0x0E,0x00,0x72,0xFF,0x07,0x00,0x07,0x00,0x72,0xFF,0x0E,0x00,0x72,0xFF,
    0x0E,0x00,0x72,0xFF,0x0E,0x00,0x72,0xFF,0x0E,0x00,0x72,0xFF,0x0E,0x00,0x72,0xFF,
    0x0E,0x00,0x72,0xFF,0x0E,0x00,0x72,0xFF,0x07,0x00,0x07,0x00,0x72,0xFF,0x0E,0x00,
    0x72,0xFF,0x0E,0x00,0x72,0xFF,0x0E,0x00,0x72,0xFF,0x0E,0x00,0x72,0xFF,0x0E,0x00,
    0x72,0xFF,0x0E,0x00,0x72,0xFF,0x0E,0x00,0x72,0xFF,0x07,0x00,0x07,0x00,0x72,0xFF,
    0x0E,0x00,0x72,0xFF,0x0E,0x00,0x72,0xFF,0x0E,0x00,0x72,0xFF,0x0E,0x00,0x72,0xFF,
    0x0E,0x00,0x72,0xFF,0x0E,0x00,0x72,0xFF,0x0E,0x00,0x72,0xFF,0x07,0x00,0x07,0x00,
    0x72,0xFF,0x0E,0x00,0x72,0xFF,0x0E,0x00,0x72,0xFF,0x0E,0x00,0x72,0xFF,0x0E,0x00,
    0x72,0xFF,0x0E,0x00,0x72,0xFF,0x0E,0x00,0x72,0xFF,0x0E,0x00,0x72,0xFF,0x07,0x00,
    0x07,0x00,0x72,0xFF,0x0E,0x00,0x72,0xFF,0x0E,0x00,0x72,0xFF,0x0E,0x00,0x72,0xFF,
    0x0E,0x00,0x72,0xFF,0x0E,0x00,0x72,0xFF,0x0E,0x00,0x72,0xFF,0x0E,0x00,0x72,0xFF,
    0x07,0x00,0x07,0x00,0x72,0xFF,0x0E,0x00,0x72,0xFF,0x0E,0x00,0x72,0xFF,0x0E,0x00,
    0x72,0xFF,0x0E,0x00,0x72,0xFF,0x0E,0x00,0x72,0xFF,0x0E,0x00,0x72,0xFF,0x0E,0x00,
    0x72,0xFF,0x07,0x00,0x07,0x00,0x72,0xFF,0x0E,0x00,0x72,0xFF,0x0E,0x00,0x72,0xFF,
    0x0E,0x00,0x72,0xFF,0x0E,0x00,0x72,0xFF,0x0E,0x00,0x72,0xFF,0x0E,0x00,0x72,0xFF,
    0x0E,0x00,0x72,0xFF,0x07,0x00,0x07,0x00,0x72,0xFF,0x0E,0x00,0x72,0xFF,0x0E,0x00,
    0x72,0xFF,0x0E,0x00,0x72,0xFF,0x0E,0x00,0x72,0xFF,0x0E,0x00,0x72,0xFF,0x0E,0x00,
    0x72,0xFF,0x0E,0x00,0x72,0xFF,0x07,0x00,0x07,0x00,0x72,0xFF,0x0E,0x00,0x72,0xFF,
    0x0E,0x00,0x72,0xFF,0x0E,0x00,0x72,0xFF,0x0E,0x00,0x72,0xFF,0x0E,0x00,0x72,0xFF,
    0x0E,0x00,0x72,0xFF,0x0E,0x00,0x72,0xFF,0x07,0x00,0x07,0x00,0x72,0xFF,0x0E,0x00,
    0x72,0xFF,0x0E,0x00,0x72,0xFF,0x0E,0x00,0x72,0xFF,0x0E,0x00,0x72,0xFF,0x0E,0x00,
    0x72,0xFF,0x0E,0x00,0x72,0xFF,0x0E,0x00,0x72,0xFF,0x07,0x00,0x07,0x00,0x72,0xFF,
    0x0E,0x00,0x72,0xFF,0x0E,0x00,0x72,0xFF,0x0E,0x00,0x72,0xFF,0x0E,0x00,0x72,0xFF,
    0x0E,0x00,0x72,0xFF,0x0E,0x00,0x72,0xFF,0x0E,0x00,0x72,0xFF,0x07,0x00,0x07,0x00,
    0x72,0xFF,0x0E,0x00,0x72,0xFF,0x0E,0x00,0x72,0xFF,0x0E,0x00,0x72,0xFF,0x0E,0x00,
    0x72,0xFF,0x0E,0x00,0x72,0xFF,0x0E,0x00,0x72,0xFF,0x0E,0x00,0x72,0xFF,0x07,0x00,
    0x07,0x00,0x72,0xFF,0x0E,0x00,0x72,0xFF,0x0E,0x00,0x72,0xFF,0x0E,0x00,0x72,0xFF,
    0x0E,0x00,0x72,0xFF,0x0E,0x00,0x72,0xFF,0x0E,0x00,0x72,0xFF,0x0E,0x00,0x72,0xFF,
    0x07,0x00,0x07,0x00,0x72,0xFF,0x0E,0x00,0x72,0xFF,0x0E,0x00,0x72,0xFF,0x0E,0x00,
    0x72,0xFF,0x0E,0x00,0x72,0xFF,0x0E,0x00,0x72,0xFF,0x0E,0x00,0x72,0xFF,0x0E,0x00,
    0x72,0xFF,0x07,0x00,0x07,0x00,0x72,0xFF,0x0E,0x00,0x72,0xFF,0x0E,0x00,0x72,0xFF,
    0x0E,0x00,0x72,0xFF,0x0E,0x00,0x72,0xFF,0x0E,0x00,0x72,0xFF,0x0E,0x00,0x72,0xFF,
    0x0E,0x00,0x72,0xFF,0x07,0x00,0x07,0x00,0x72,0xFF,0x0E,0x00,0x72,0xFF,0x0E,0x00,
    0x72,0xFF,0x0E,0x00,0x72,0xFF,0x0E,0x00,0x72,0xFF,0x0E,0x00,0x72,0xFF,0x0E,0x00,
    0x72,0xFF,0x0E,0x00,0x72,0xFF,0x07,0x00,0x07,0x00,0x72,0xFF,0x0E,0x00,0x72,0xFF,
    0x0E,0x00,0x72,0xFF,0x0E,0x00,0x72,0xFF,0x0E,0x00,0x72,0xFF,0x0E,0x00,0x72,0xFF,
    0x0E,0x00,0x72,0xFF,0x0E,0x00,0x72,0xFF,0x07,0x00,0x07,0x00,0x72,0xFF,0x0E,0x00,
    0x72,0xFF,0x0E,0x00,0x72,0xFF,0x0E,0x00,0x72,0xFF,0x0E,0x00,0x72,0xFF,0x0E,0x00,
    0x72,0xFF,0x0E,0x00,0x72,0xFF,0x0E,0x00,0x72,0xFF,0x07,0x00,0x07,0x00,0x72,0xFF,
    0x0E,0x00,0x72,0xFF,0x0E,0x00,0x72,0xFF,0x0E,0x00,0x72,0xFF,0x0E,0x00,0x72,0xFF,
    0x0E,0x00,0x72,0xFF,0x0E,0x00,0x72,0xFF,0x0E,0x00,0x72,0xFF,0x07,0x00,0x07,0x00,
    0x72,0xFF,0x0E,0x00,0x72,0xFF,0x0E,0x00,0x72,0xFF,0x0E,0x00,0x72,0xFF,0x0E,0x00,
    0x72,0xFF,0x0E,0x00,0x72,0xFF,0x0E,0x00,0x72,0xFF,0x0E,0x00,0x72,0xFF,0x07,0x00,
    0x07,0x00,0x72,0xFF,0x0E,0x00,0x72,0xFF,0x0E,0x00,0x72,0xFF,0x0E,0x00,0x72,0xFF,
    0x0E,0x00,0x72,0xFF,0x0E,0x00,0x72,0xFF,0x0E,0x00,0x72,0xFF,0x0E,0x00,0x72,0xFF,
    0x07,0x00,0x07,0x00,0x72,0xFF,0x0E,0x00,0x72,0xFF,0x0E,0x00,0x72,0xFF,0x0E,0x00,
    0x72,0xFF,0x0E,0x00,0x72,0xFF,0x0E,0x00,0x72,0xFF,0x0E,0x00,0x72,0xFF,0x0E,0x00,
    0x72,0xFF,0x07,0x00,0x07,0x00,0x72,0xFF,0x0E,0x00,0x72,0xFF,0x0E,0x00,0x72,0xFF,
    0x0E,0x00,0x72,0xFF,0x0E,0x00,0x72,0xFF,0x0E,0x00,0x72,0xFF,0x0E,0x00,0x72,0xFF,
    0x0E,0x00,0x72,0xFF,0x07,0x00,0x07,0x00,0x72,0xFF,0x0E,0x00,0x72,0xFF,0x0E,0x00,
    0x72,0xFF,0x0E,0x00,0x72,0xFF,0x0E,0x00,0x72,0xFF,0x0E,0x00,0x72,0xFF,0x0E,0x00,
    0x72,0xFF,0x0E,0x00,0x72,0xFF,0x07,0x00,0x07,0x00,0x72,0xFF,0x0E,0x00,0x72,0xFF,
    0x0E,0x00,0x72,0xFF,0x0E,0x00,0x72,0xFF,0x0E,0x00,0x72,0xFF,0x0E,0x00,0x72,0xFF,
    0x0E,0x00,0x72,0xFF,0x0E,0x00,0x72,0xFF,0x07,0x00,0x07,0x00,0x72,0xFF,0x0E,0x00,
    0x72,0xFF,0x0E,0x00,0x72,0xFF,0x0E,0x00,0x72,0xFF,0x0E,0x00,0x72,0xFF,0x0E,0x00,
    0x72,0xFF,0x0E,0x00,0x72,0xFF,0x0E,0x00,0x72,0xFF,0x07,0x00,0x07,0x00,0x72,0xFF,
    0x0E,0x00,0x72,0xFF,0x0E,0x00,0x72,0xFF,0x0E,0x00,0x72,0xFF,0x0E,0x00,0x72,0xFF,
    0x0E,0x00,0x72,0xFF,0x0E,0x00,0x72,0xFF,0x0E,0x00,0x72,0xFF,0x07,0x00,0x07,0x00,
    0x72,0xFF,0x0E,0x00,0x72,0xFF,0x0E,0x00,0x72,0xFF,0x0E,0x00,0x72,0xFF,0x0E,0x00,
    0x72,0xFF,0x0E,0x00,0x72,0xFF,0x0E,0x00,0x72,0xFF,0x0E,0x00,0x72,0xFF,0x07,0x00,
    0x07,0x00,0x72,0xFF,0x0E,0x00,0x72,0xFF,0x0E,0x00,0x72,0xFF,0x0E,0x00,0x2D,0xFF,
    0x01,0x07,0x02,0xFF,0x01,0x5F,0x05,0xFF,0x01,0x1F,0x0E,0xFF,0x01,0xDF,0x2C,0xFF,
    0x0E,0x00,0x2D,0xFF,0x01,0xFE,0x05,0xFF,0x01,0xF7,0x3E,0xFF,0x0E,0x00,0x72,0xFF,
    0x0E,0x00,0x72,0xFF,0x0E,0x00,0x72,0xFF,0x07,0x00,0x07,0x00,0x72,0xFF,0x0E,0x00,
    0x72,0xFF,0x0E,0x00,0x72,0xFF,0x0E,0x00,0x2D,0xFF,0x01,0x03,0x02,0xFF,0x01,0x1F,
    0x02,0xFF,0x01,0xF7,0x02,0xFF,0x01,0x1F,0x03,0xFF,0x01,0x1B,0x01,0xCB,0x01,0x6F,
    0x01,0xFF,0x01,0x0F,0x01,0x1F,0x01,0xFF,0x01,0xBB,0x01,0x31,0x01,0xFF,0x01,0xBF,
    0x01,0x0F,0x2C,0xFF,0x0E,0x00,0x2C,0xFF,0x01,0xFB,0x01,0xFC,0x02,0xFB,0x03,0xFF,
    0x01,0xF0,0x03,0xFF,0x02,0xFB,0x01,0xFF,0x01,0xF0,0x01,0xFF,0x01,0xFE,0x01,0xFF,
    0x01,0xFC,0x01,0xFE,0x01,0xFF,0x01,0xF3,0x01,0xE3,0x01,0xFF,0x01,0xFE,0x01,0xFC,
    0x2C,0xFF,0x0E,0x00,0x72,0xFF,0x0E,0x00,0x72,0xFF,0x0E,0x00,0x72,0xFF,0x07,0x00,
    0x07,0x00,0x72,0xFF,0x0E,0x00,0x72,0xFF,0x0E,0x00,0x72,0xFF,0x0E,0x00,0x2D,0xFF,
    0x01,0x03,0x01,0xF3,0x01,0xFF,0x01,0x0F,0x02,0xFF,0x01,0xE7,0x01,0xFF,0x01,0x7F,
    0x01,0x0F,0x02,0xFF,0x01,0x3F,0x01,0x13,0x01,0xCB,0x01,0x6F,0x01,0xFF,0x01,0x0F,
    0x01,0x1F,0x01,0xBF,0x01,0x39,0x01,0x11,0x01,0xBF,0x02,0x0F,0x2C,0xFF,0x0E,0x00,
    0x2C,0xFF,0x01,0xFB,0x01,0xFC,0x02,0xFB,0x03,0xFF,0x01,0xF0,0x02,0xFF,0x02,0xFB,
    0x01,0xF9,0x01,0xFE,0x01,0xE0,0x01,0xFF,0x01,0xFE,0x01,0xFF,0x01,0xFC,0x01,0xFE,
    0x01,0xFF,0x02,0xE3,0x01,0xFF,0x01,0xFE,0x01,0xFC,0x2C,0xFF,0x0E,0x00,0x72,0xFF,
    0x0E,0x00,0x72,0xFF,0x0E,0x00,0x72,0xFF,0x07,0x00,0x07,0x00,0x72,0xFF,0x0E,0x00,
    0x72,0xFF,0x0E,0x00,0x72,0xFF,0x0E,0x00,0x2D,0xFF,0x01,0x03,0x01,0x83,0x01,0x1F,
    0x01,0x0F,0x02,0xFF,0x01,0xE7,0x01,0xFF,0x02,0x0F,0x01,0xFF,0x02,0x3F,0x01,0x03,
    0x01,0x0B,0x01,0x4F,0x01,0xFF,0x02,0x0F,0x01,0xBF,0x01,0x11,0x01,0x00,0x01,0xBB,
    0x02,0x0F,0x2C,0xFF,0x0E,0x00,0x2C,0xFF,0x01,0xF9,0x01,0xFC,0x02,0xFB,0x01,0xF9,
    0x01,0xFF,0x01,0xF2,0x01,0xF0,0x02,0xFF,0x02,0xFB,0x01,0xF8,0x01,0xFC,0x01,0xE0,
    0x01,0xFC,0x01,0xFE,0x01,0xFF,0x01,0xFC,0x01,0xFE,0x01,0xFF,0x01,0xE3,0x01,0xC0,
    0x01,0xFF,0x01,0xFE,0x01,0xFC,0x2C,0xFF,0x0E,0x00,0x72,0xFF,0x0E,0x00,0x72,0xFF,
    0x0E,0x00,0x72,0xFF,0x07,0x00,0x07,0x00,0x72,0xFF,0x0E,0x00,0x72,0xFF,0x0E,0x00,
    0x72,0xFF,0x0E,0x00,0x2D,0xFF,0x02,0x03,0x01,0x1F,0x01,0x0F,0x02,0xFF,0x01,0xE7,
    0x01,0xFF,0x02,0x0F,0x01,0xFF,0x01,0x3F,0x01,0x1F,0x02,0x03,0x01,0x4F,0x01,0x7F,
    0x02,0x0F,0x01,0xBF,0x01,0x11,0x01,0x00,0x01,0xBB,0x02,0x0F,0x2C,0xFF,0x0E,0x00,
    0x2C,0xFF,0x01,0xF9,0x01,0xFC,0x02,0xFB,0x01,0xF9,0x01,0xFF,0x01,0xE2,0x01,0xF0,
    0x02,0xFF,0x01,0xF9,0x01,0xFB,0x01,0xF8,0x01,0xFC,0x01,0xE0,0x01,0xF8,0x01,0xFE,
    0x01,0xFF,0x01,0xFC,0x01,0xFE,0x01,0xFF,0x01,0xE2,0x01,0xC0,0x01,0xFB,0x01,0xFE,
    0x01,0xFC,0x2C,0xFF,0x0E,0x00,0x72,0xFF,0x0E,0x00,0x72,0xFF,0x0E,0x00,0x72,0xFF,
    0x07,0x00,0x07,0x00,0x72,0xFF,0x0E,0x00,0x72,0xFF,0x0E,0x00,0x72,0xFF,0x0E,0x00,
    0x2C,0xFF,0x01,0xFB,0x02,0x03,0x01,0x1F,0x01,0x0F,0x02,0xFF,0x01,0xE7,0x01,0xFF,
    0x02,0x0F,0x01,0xFF,0x01,0x3F,0x01,0x1F,0x02,0x03,0x01,0x4F,0x01,0x7F,0x02,0x0F,
    0x01,0xBB,0x01,0x01,0x01,0x00,0x01,0xBB,0x02,0x0F,0x2C,0xFF,0x0E,0x00,0x2C,0xFF,
    0x01,0xF9,0x01,0xFC,0x02,0xFB,0x01,0xF9,0x01,0xFF,0x01,0xE0,0x01,0xF0,0x02,0xFF,
    0x01,0xF9,0x01,0xFB,0x01,0xF8,0x01,0xFC,0x01,0xE0,0x01,0xF8,0x01,0xFE,0x01,0xFF,
    0x01,0xFC,0x01,0xFE,0x01,0xFF,0x01,0xE2,0x01,0xC0,0x01,0xFB,0x01,0xFE,0x01,0xFC,
    0x2C,0xFF,0x0E,0x00,0x72,0xFF,0x0E,0x00,0x72,0xFF,0x0E,0x00,0x72,0xFF,0x07,0x00,
    0x07,0x00,0x72,0xFF,0x0E,0x00,0x72,0xFF,0x0E,0x00,0x72,0xFF,0x0E,0x00,0x2C,0xFF,
    0x01,0xFB,0x02,0x03,0x01,0x1F,0x01,0x0F,0x02,0xFF,0x01,0xE7,0x01,0xFF,0x02,0x0F,
    0x01,0xFF,0x01,0x3F,0x01,0x1F,0x02,0x03,0x01,0x4F,0x01,0x7F,0x02,0x0F,0x01,0xBB,
    0x01,0x01,0x01,0x00,0x01,0xBB,0x02,0x0F,0x2C,0xFF,0x0E,0x00,0x2C,0xFF,0x01,0xF9,
    0x01,0xFC,0x02,0xFB,0x01,0xF9,0x01,0xFF,0x01,0xE0,0x01,0xF0,0x02,0xFF,0x01,0xF8,
    0x01,0xFB,0x01,0xF8,0x01,0xFC,0x01,0xE0,0x01,0xF8,0x01,0xFE,0x01,0xFF,0x01,0xFC,
    0x01,0xFE,0x01,0xFF,0x01,0xE2,0x01,0xC0,0x01,0xFB,0x01,0xFE,0x01,0xFC,0x2C,0xFF,
    0x0E,0x00,0x72,0xFF,0x0E,0x00,0x72,0xFF,0x0E,0x00,0x72,0xFF,0x07,0x00,0x07,0x00,
    0x72,0xFF,0x0E,0x00,0x72,0xFF,0x0E,0x00,0x72,0xFF,0x0E,0x00,0x2C,0xFF,0x01,0xFB,
    0x02,0x03,0x01,0x1F,0x01,0x0F,0x02,0xFF,0x01,0xE7,0x01,0xFF,0x02,0x0F,0x01,0xFF,
    0x01,0x3F,0x01,0x1F,0x02,0x03,0x01,0x4F,0x01,0x7F,0x02,0x0F,0x01,0xBB,0x01,0x01,
    0x01,0x00,0x01,0xBB,0x02,0x0F,0x2C,0xFF,0x0E,0x00,0x2C,0xFF,0x01,0xF9,0x01,0xFC,
    0x02,0xFB,0x01,0xF9,0x01,0xFF,0x01,0xE0,0x01,0xF0,0x02,0xFF,0x01,0xF8,0x01,0xFB,
    0x01,0xF8,0x01,0xFC,0x01,0xE0,0x01,0xF8,0x01,0xFE,0x01,0xFF,0x01,0xFC,0x01,0xFE,
    0x01,0xFF,0x01,0xE2,0x01,0xC0,0x01,0xFB,0x01,0xFE,0x01,0xFC,0x2C,0xFF,0x0E,0x00,
    0x72,0xFF,0x0E,0x00,0x72,0xFF,0x0E,0x00,0x72,0xFF,0x07,0x00,0x07,0x00,0x72,0xFF,
    0x0E,0x00,0x72,0xFF,0x0E,0x00,0x72,0xFF,0x0E,0x00,0x2C,0xFF,0x01,0xFB,0x02,0x03,
    0x01,0x1F,0x01,0x0F,0x02,0xFF,0x01,0xE7,0x01,0xFF,0x02,0x0F,0x01,0xFF,0x01,0x3F,
    0x01,0x1F,0x02,0x03,0x01,0x4F,0x01,0x7F,0x02,0x0F,0x01,0xBB,0x01,0x01,0x01,0x00,
    0x01,0xBB,0x02,0x0F,0x2C,0xFF,0x0E,0x00,0x2C,0xFF,0x01,0xF9,0x01,0xFC,0x02,0xFB,
    0x01,0xF9,0x01,0xFF,0x01,0xE0,0x01,0xF0,0x02,0xFF,0x01,0xF8,0x01,0xFB,0x01,0xF8,
    0x01,0xFC,0x01,0xE0,0x01,0xF8,0x01,0xFE,0x01,0xFF,0x01,0xFC,0x01,0xFE,0x01,0xFF,
    0x01,0xE2,0x01,0xC0,0x01,0xFB,0x01,0xFE,0x01,0xFC,0x2C,0xFF,0x0E,0x00,0x72,0xFF,
    0x0E,0x00,0x72,0xFF,0x0E,0x00,0x72,0xFF,0x07,0x00,0x07,0x00,0x72,0xFF,0x0E,0x00,
    0x72,0xFF,0x0E,0x00,0x72,0xFF,0x0E,0x00,0x2C,0xFF,0x01,0xFB,0x02,0x03,0x01,0x1F,
    0x01,0x0F,0x02,0xFF,0x01,0xE7,0x01,0xFF,0x02,0x0F,0x01,0xFF,0x01,0x3F,0x01,0x1F,
    0x02,0x03,0x01,0x4F,0x01,0x7F,0x02,0x0F,0x01,0xBB,0x01,0x01,0x01,0x00,0x01,0xBB,
    0x02,0x0F,0x2C,0xFF,0x0E,0x00,0x2C,0xFF,0x01,0xF9,0x01,0xFC,0x02,0xFB,0x01,0xF9,
    0x01,0xFF,0x01,0xE0,0x01,0xF0,0x02,0xFF,0x01,0xF8,0x01,0xFB,0x01,0xF8,0x01,0xFC,
    0x01,0xE0,0x01,0xF8,0x01,0xFE,0x01,0xFF,0x01,0xFC,0x01,0xFE,0x01,0xFF,0x01,0xE2,
    0x01,0xC0,0x01,0xFB,0x01,0xFE,0x01,0xFC,0x2C,0xFF,0x0E,0x00,0x72,0xFF,0x0E,0x00,
    0x72,0xFF,0x0E,0x00,0x72,0xFF,0x07,0x00,0x07,0x00,0x72,0xFF,0x0E,0x00,0x72,0xFF,
    0x0E,0x00,0x72,0xFF,0x0E,0x00,0x2C,0xFF,0x01,0xFB,0x02,0x03,0x01,0x1F,0x01,0x0F,
    0x02,0xFF,0x01,0xE7,0x01,0xFF,0x02,0x0F,0x01,0xFF,0x01,0x3F,0x01,0x1F,0x02,0x03,
    0x01,0x4F,0x01,0x7F,0x02,0x0F,0x01,0xBB,0x01,0x01,0x01,0x00,0x01,0xBB,0x02,0x0F,
    0x2C,0xFF,0x0E,0x00,0x2C,0xFF,0x01,0xF9,0x01,0xFC,0x02,0xFB,0x01,0xF9,0x01,0xFF,
    0x01,0xE0,0x01,0xF0,0x02,0xFF,0x01,0xF8,0x01,0xFB,0x01,0xF8,0x01,0xFC,0x01,0xE0,
    0x01,0xF8,0x01,0xFE,0x01,0xFF,0x01,0xFC,0x01,0xFE,0x01,0xFF,0x01,0xE2,0x01,0xC0,
    0x01,0xFB,0x01,0xFE,0x01,0xFC,0x2C,0xFF,0x0E,0x00,0x72,0xFF,0x0E,0x00,0x72,0xFF,
    0x0E,0x00,0x72,0xFF,0x07,0x00,0x07,0x00,0x72,0xFF,0x0E,0x00,0x72,0xFF,0x0E,0x00,
    0x72,0xFF,0x0E,0x00,0x2C,0xFF,0x01,0xFB,0x02,0x03,0x01,0x1F,0x01,0x0F,0x02,0xFF,
    0x01,0xE7,0x01,0xFF,0x02,0x0F,0x01,0xFF,0x01,0x3F,0x01,0x1F,0x02,0x03,0x01,0x4F,
    0x01,0x7F,0x02,0x0F,0x01,0xBB,0x01,0x01,0x01,0x00,0x01,0xBB,0x02,0x0F,0x2C,0xFF,
    0x0E,0x00,0x2C,0xFF,0x01,0xF9,0x01,0xFC,0x02,0xFB,0x01,0xF9,0x01,0xFF,0x01,0xE0,
    0x01,0xF0,0x02,0xFF,0x01,0xF8,0x01,0xFB,0x01,0xF8,0x01,0xFC,0x01,0xE0,0x01,0xF8,
    0x01,0xFE,0x01,0xFF,0x01,0xFC,0x01,0xFE,0x01,0xFF,0x01,0xE2,0x01,0xC0,0x01,0xFB,
    0x01,0xFE,0x01,0xFC,0x2C,0xFF,0x0E,0x00,0x72,0xFF,0x0E,0x00,0x72,0xFF,0x0E,0x00,
    0x72,0xFF,0x07,0x00,0x07,0x00,0x72,0xFF,0x0E,0x00,0x72,0xFF,0x0E,0x00,0x72,0xFF,
    0x0E,0x00,0x2C,0xFF,0x01,0xFB,0x02,0x03,0x01,0x1F,0x01,0x0F,0x02,0xFF,0x01,0xE7,
    0x01,0xFF,0x02,0x0F,0x01,0xFF,0x01,0x3F,0x01,0x1F,0x02,0x03,0x01,0x4F,0x01,0x7F,
    0x02,0x0F,0x01,0xBB,0x01,0x01,0x01,0x00,0x01,0xBB,0x02,0x0F,0x2C,0xFF,0x0E,0x00,
    0x2C,0xFF,0x01,0xF9,0x01,0xFC,0x02,0xFB,0x01,0xF9,0x01,0xFF,0x01,0xE0,0x01,0xF0,
    0x02,0xFF,0x01,0xF8,0x01,0xFB,0x01,0xF8,0x01,0xFC,0x01,0xE0,0x01,0xF8,0x01,0xFE,
    0x01,0xFF,0x01,0xFC,0x01,0xFE,0x01,0xFF,0x01,0xE2,0x01,0xC0,0x01,0xFB,0x01,0xFE,
    0x01,0xFC,0x2C,0xFF,0x0E,0x00,0x72,0xFF,0x0E,0x00,0x72,0xFF,0x0E,0x00,0x72,0xFF,
    0x07,0x00,0x07,0x00,0x72,0xFF,0x0E,0x00,0x72,0xFF,0x0E,0x00,0x72,0xFF,0x0E,0x00,
    0x2C,0xFF,0x01,0xFB,0x02,0x03,0x01,0x1F,0x01,0x0F,0x02,0xFF,0x01,0xE7,0x01,0xFF,
    0x02,0x0F,0x01,0xFF,0x01,0x3F,0x01,0x1F,0x02,0x03,0x01,0x4F,0x01,0x7F,0x02,0x0F,
    0x01,0xBB,0x01,0x01,0x01,0x00,0x01,0xBB,0x02,0x0F,0x2C,0xFF,0x0E,0x00,0x2C,0xFF,
    0x01,0xF9,0x01,0xFC,0x02,0xFB,0x01,0xF9,0x01,0xFF,0x01,0xE0,0x01,0xF0,0x02,0xFF,
    0x01,0xF8,0x01,0xFB,0x01,0xF8,0x01,0xFC,0x01,0xE0,0x01,0xF8,0x01,0xFE,0x01,0xFF,
    0x01,0xFC,0x01,0xFE,0x01,0xFF,0x01,0xE2,0x01,0xC0,0x01,0xFB,0x01,0xFE,0x01,0xFC,
    0x2C,0xFF,0x0E,0x00,0x72,0xFF,0x0E,0x00,0x72,0xFF,0x0E,0x00,0x72,0xFF,0x07,0x00,
    0x07,0x00,0x72,0xFF,0x0E,0x00,0x72,0xFF,0x0E,0x00,0x72,0xFF,0x0E,0x00,0x2C,0xFF,
    0x01,0xFB,0x02,0x03,0x01,0x1F,0x01,0x0F,0x02,0xFF,0x01,0xE7,0x01,0xFF,0x02,0x0F,
    0x01,0xFF,0x01,0x3F,0x01,0x1F,0x02,0x03,0x01,0x4F,0x01,0x7F,0x02,0x0F,0x01,0xBB,
    0x01,0x01,0x01,0x00,0x01,0xBB,0x02,0x0F,0x2C,0xFF,0x0E,0x00,0x2C,0xFF,0x01,0xF9,
    0x01,0xFC,0x02,0xFB,0x01,0xF9,0x01,0xFF,0x01,0xE0,0x01,0xF0,0x02,0xFF,0x01,0xF8,
    0x01,0xFB,0x01,0xF8,0x01,0xFC,0x01,0xE0,0x01,0xF8,0x01,0xFE,0x01,0xFF,0x01,0xFC,
    0x01,0xFE,0x01,0xFF,0x01,0xE2,0x01,0xC0,0x01,0xFB,0x01,0xFE,0x01,0xFC,0x2C,0xFF,
    0x0E,0x00,0x72,0xFF,0x0E,0x00,0x72,0xFF,0x0E,0x00,0x72,0xFF,0x07,0x00,0x07,0x00,
    0x72,0xFF,0x0E,0x00,0x72,0xFF,0x0E,0x00,0x72,0xFF,0x0E,0x00,0x2C,0xFF,0x01,0xFB,
    0x02,0x03,0x01,0x1F,0x01,0x0F,0x02,0xFF,0x01,0xE7,0x01,0xFF,0x02,0x0F,0x01,0xFF,
    0x01,0x3F,0x01,0x1F,0x02,0x03,0x01,0x4F,0x01,0x7F,0x02,0x0F,0x01,0xBB,0x01,0x01,
    0x01,0x00,0x01,0xBB,0x02,0x0F,0x2C,0xFF,0x0E,0x00,0x2C,0xFF,0x01,0xF9,0x01,0xFC,
    0x02,0xFB,0x01,0xF9,0x01,0xFF,0x01,0xE0,0x01,0xF0,0x02,0xFF,0x01,0xF8,0x01,0xFB,
    0x01,0xF8,0x01,0xFC,0x01,0xE0,0x01,0xF8,0x01,0xFE,0x01,0xFF,0x01,0xFC,0x01,0xFE,
    0x01,0xFF,0x01,0xE2,0x01,0xC0,0x01,0xFB,0x01,0xFE,0x01,0xFC,0x2C,0xFF,0x0E,0x00,
    0x72,0xFF,0x0E,0x00,0x72,0xFF,0x0E,0x00,0x72,0xFF,0x07,0x00,0x07,0x00,0x72,0xFF,
    0x0E,0x00,0x72,0xFF,0x0E,0x00,0x72,0xFF,0x0E,0x00,0x2C,0xFF,0x01,0xFB,0x02,0x03,
    0x01,0x1F,0x01,0x0F,0x02,0xFF,0x01,0xE7,0x01,0xFF,0x02,0x0F,0x01,0xFF,0x01,0x3F,
    0x01,0x1F,0x02,0x03,0x01,0x4F,0x01,0x7F,0x02,0x0F,0x01,0xBB,0x01,0x01,0x01,0x00,
    0x01,0xBB,0x02,0x0F,0x2C,0xFF,0x0E,0x00,0x2C,0xFF,0x01,0xF9,0x01,0xFC,0x02,0xFB,
    0x01,0xF9,0x01,0xFF,0x01,0xE0,0x01,0xF0,0x02,0xFF,0x01,0xF8,0x01,0xFB,0x01,0xF8,
    0x01,0xFC,0x01,0xE0,0x01,0xF8,0x01,0xFE,0x01,0xFF,0x01,0xFC,0x01,0xFE,0x01,0xFF,
    0x01,0xE2,0x01,0xC0,0x01,0xFB,0x01,0xFE,0x01,0xFC,0x2C,0xFF,0x0E,0x00,0x72,0xFF,
    0x0E,0x00,0x72,0xFF,0x0E,0x00,0x72,0xFF,0x07,0x00,0x07,0x00,0x72,0xFF,0x0E,0x00,
    0x72,0xFF,0x0E,0x00,0x72,0xFF,0x0E,0x00,0x2C,0xFF,0x01,0xFB,0x02,0x03,0x01,0x1F,
    0x01,0x0F,0x02,0xFF,0x01,0xE7,0x01,0xFF,0x02,0x0F,0x01,0xFF,0x01,0x3F,0x01,0x1F,
    0x02,0x03,0x01,0x4F,0x01,0x7F,0x02,0x0F,0x01,0xBB,0x01,0x01,0x01,0x00,0x01,0xBB,
    0x02,0x0F,0x2C,0xFF,0x0E,0x00,0x2C,0xFF,0x01,0xF9,0x01,0xFC,0x02,0xFB,0x01,0xF9,
    0x01,0xFF,0x01,0xE0,0x01,0xF0,0x02,0xFF,0x01,0xF8,0x01,0xFB,0x01,0xF8,0x01,0xFC,
    0x01,0xE0,0x01,0xF8,0x01,0xFE,0x01,0xFF,0x01,0xFC,0x01,0xFE,0x01,0xFF,0x01,0xE2,
    0x01,0xC0,0x01,0xFB,0x01,0xFE,0x01,0xFC,0x2C,0xFF,0x0E,0x00,0x72,0xFF,0x0E,0x00,
    0x72,0xFF,0x0E,0x00,0x72,0xFF,0x07,0x00,0x07,0x00,0x72,0xFF,0x0E,0x00,0x72,0xFF,
    0x0E,0x00,0x72,0xFF,0x0E,0x00,0x2C,0xFF,0x01,0xFB,0x02,0x03,0x01,0x1F,0x01,0x0F,
    0x02,0xFF,0x01,0xE7,0x01,0xFF,0x02,0x0F,0x01,0xFF,0x01,0x3F,0x01,0x1F,0x02,0x03,
    0x01,0x4F,0x01,0x7F,0x02,0x0F,0x01,0xBB,0x01,0x01,0x01,0x00,0x01,0xBB,0x02,0x0F,
    0x2C,0xFF,0x0E,0x00,0x2C,0xFF,0x01,0xF9,0x01,0xFC,0x02,0xFB,0x01,0xF9,0x01,0xFF,
    0x01,0xE0,0x01,0xF0,0x02,0xFF,0x01,0xF8,0x01,0xFB,0x01,0xF8,0x01,0xFC,0x01,0xE0,
    0x01,0xF8,0x01,0xFE,0x01,0xFF,0x01,0xFC,0x01,0xFE,0x01,0xFF,0x01,0xE2,0x01,0xC0,
    0x01,0xFB,0x01,0xFE,0x01,0xFC,0x2C,0xFF,0x0E,0x00,0x72,0xFF,0x0E,0x00,0x72,0xFF,
    0x0E,0x00,0x72,0xFF,0x07,0x00,0x07,0x00,0x72,0xFF,0x0E,0x00,0x72,0xFF,0x0E,0x00,
    0x72,0xFF,0x0E,0x00,0x2C,0xFF,0x01,0xFB,0x02,0x03,0x01,0x1F,0x01,0x0F,0x02,0xFF,
    0x01,0xE7,0x01,0xFF,0x02,0x0F,0x01,0xFF,0x01,0x3F,0x01,0x1F,0x02,0x03,0x01,0x4F,
    0x01,0x7F,0x02,0x0F,0x01,0xBB,0x01,0x01,0x01,0x00,0x01,0xBB,0x02,0x0F,0x2C,0xFF,
    0x0E,0x00,0x2C,0xFF,0x01,0xF9,0x01,0xFC,0x02,0xFB,0x01,0xF9,0x01,0xFF,0x01,0xE0,
    0x01,0xF0,0x02,0xFF,0x01,0xF8,0x01,0xFB,0x01,0xF8,0x01,0xFC,0x01,0xE0,0x01,0xF8,
    0x01,0xFE,0x01,0xFF,0x01,0xFC,0x01,0xFE,0x01,0xFF,0x01,0xE2,0x01,0xC0,0x01,0xFB,
    0x01,0xFE,0x01,0xFC,0x2C,0xFF,0x0E,0x00,0x72,0xFF,0x0E,0x00,0x72,0xFF,0x0E,0x00,
    0x72,0xFF,0x07,0x00,0x07,0x00,0x72,0xFF,0x0E,0x00,0x72,0xFF,0x0E,0x00,0x72,0xFF,
    0x0E,0x00,0x2C,0xFF,0x01,0xFB,0x02,0x03,0x01,0x1F,0x01,0x0F,0x02,0xFF,0x01,0xE7,
    0x01,0xFF,0x02,0x0F,0x01,0xFF,0x01,0x3F,0x01,0x1F,0x02,0x03,0x01,0x4F,0x01,0x7F,
    0x02,0x0F,0x01,0xBB,0x01,0x01,0x01,0x00,0x01,0xBB,0x02,0x0F,0x2C,0xFF,0x0E,0x00,
    0x2C,0xFF,0x01,0xF9,0x01,0xFC,0x02,0xFB,0x01,0xF9,0x01,0xFF,0x01,0xE0,0x01,0xF0,
    0x02,0xFF,0x01,0xF8,0x01,0xFB,0x01,0xF8,0x01,0xFC,0x01,0xE0,0x01,0xF8,0x01,0xFE,
    0x01,0xFF,0x01,0xFC,0x01,0xFE,0x01,0xFF,0x01,0xE2,0x01,0xC0,0x01,0xFB,0x01,0xFE,
    0x01,0xFC,0x2C,0xFF,0x0E,0x00,0x72,0xFF,0x0E,0x00,0x72,0xFF,0x0E,0x00,0x72,0xFF,
    0x07,0x00,0x07,0x00,0x72,0xFF,0x0E,0x00,0x72,0xFF,0x0E,0x00,0x72,0xFF,0x0E,0x00,
    0x2C,0xFF,0x01,0xFB,0x02,0x03,0x01,0x1F,0x01,0x0F,0x02,0xFF,0x01,0xE7,0x01,0xFF,
    0x02,0x0F,0x01,0xFF,0x01,0x3F,0x01,0x1F,0x02,0x03,0x01,0x4F,0x01,0x7F,0x02,0x0F,
    0x01,0xBB,0x01,0x01,0x01,0x00,0x01,0xBB,0x02,0x0F,0x2C,0xFF,0x0E,0x00,0x2C,0xFF,
    0x01,0xF9,0x01,0xFC,0x02,0xFB,0x01,0xF9,0x01,0xFF,0x01,0xE0,0x01,0xF0,0x02,0xFF,
    0x01,0xF8,0x01,0xFB,0x01,0xF8,0x01,0xFC,0x01,0xE0,0x01,0xF8,0x01,0xFE,0x01,0xFF,
    0x01,0xFC,0x01,0xFE,0x01,0xFF,0x01,0xE2,0x01,0xC0,0x01,0xFB,0x01,0xFE,0x01,0xFC,
    0x2C,0xFF,0x0E,0x00,0x72,0xFF,0x0E,0x00,0x72,0xFF,0x0E,0x00,0x72,0xFF,0x07,0x00,
    0x07,0x00,0x72,0xFF,0x0E,0x00,0x72,0xFF,0x0E,0x00,0x72,0xFF,0x0E,0x00,0x2C,0xFF,
    0x01,0xFB,0x02,0x03,0x01,0x1F,0x01,0x0F,0x02,0xFF,0x01,0xE7,0x01,0xFF,0x02,0x0F,
    0x01,0xFF,0x01,0x3F,0x01,0x1F,0x02,0x03,0x01,0x4F,0x01,0x7F,0x02,0x0F,0x01,0xBB,
    0x01,0x01,0x01,0x00,0x01,0xBB,0x02,0x0F,0x2C,0xFF,0x0E,0x00,0x2C,0xFF,0x01,0xF9,
    0x01,0xFC,0x02,0xFB,0x01,0xF9,0x01,0xFF,0x01,0xE0,0x01,0xF0,0x02,0xFF,0x01,0xF8,
    0x01,0xFB,0x01,0xF8,0x01,0xFC,0x01,0xE0,0x01,0xF8,0x01,0xFE,0x01,0xFF,0x01,0xFC,
    0x01,0xFE,0x01,0xFF,0x01,0xE2,0x01,0xC0,0x01,0xFB,0x01,0xFE,0x01,0xFC,0x2C,0xFF,
    0x0E,0x00,0x72,0xFF,0x0E,0x00,0x72,0xFF,0x0E,0x00,0x72,0xFF,0x07,0x00,0x07,0x00,
    0x72,0xFF,0x0E,0x00,0x72,0xFF,0x0E,0x00,0x72,0xFF,0x0E,0x00,0x2C,0xFF,0x01,0xFB,
    0x02,0x03,0x01,0x1F,0x01,0x0F,0x02,0xFF,0x01,0xE7,0x01,0xFF,0x02,0x0F,0x01,0xFF,
    0x01,0x3F,0x01,0x1F,0x02,0x03,0x01,0x4F,0x01,0x7F,0x02,0x0F,0x01,0xBB,0x01,0x01,
    0x01,0x00,0x01,0xBB,0x02,0x0F,0x2C,0xFF,0x0E,0x00,0x2C,0xFF,0x01,0xF9,0x01,0xFC,
    0x02,0xFB,0x01,0xF9,0x01,0xFF,0x01,0xE0,0x01,0xF0,0x02,0xFF,0x01,0xF8,0x01,0xFB,
    0x01,0xF8,0x01,0xFC,0x01,0xE0,0x01,0xF8,0x01,0xFE,0x01,0xFF,0x01,0xFC,0x01,0xFE,
    0x01,0xFF,0x01,0xE2,0x01,0xC0,0x01,0xFB,0x01,0xFE,0x01,0xFC,0x2C,0xFF,0x0E,0x00,
    0x72,0xFF,0x0E,0x00,0x72,0xFF,0x0E,0x00,0x72,0xFF,0x07,0x00,0x07,0x00,0x72,0xFF,
    0x0E,0x00,0x72,0xFF,0x0E,0x00,0x72,0xFF,0x0E,0x00,0x2C,0xFF,0x01,0xFB,0x02,0x03,
    0x01,0x1F,0x01,0x0F,0x02,0xFF,0x01,0xE7,0x01,0xFF,0x02,0x0F,0x01,0xFF,0x01,0x3F,
    0x01,0x1F,0x02,0x03,0x01,0x4F,0x01,0x7F,0x02,0x0F,0x01,0xBB,0x01,0x01,0x01,0x00,
    0x01,0xBB,0x02,0x0F,0x2C,0xFF,0x0E,0x00,0x2C,0xFF,0x01,0xF9,0x01,0xFC,0x02,0xFB,
    0x01,0xF9,0x01,0xFF,0x01,0xE0,0x01,0xF0,0x02,0xFF,0x01,0xF8,0x01,0xFB,0x01,0xF8,
    0x01,0xFC,0x01,0xE0,0x01,0xF8,0x01,0xFE,0x01,0xFF,0x01,0xFC,0x01,0xFE,0x01,0xFF,
    0x01,0xE2,0x01,0xC0,0x01,0xFB,0x01,0xFE,0x01,0xFC,0x2C,0xFF,0x0E,0x00,0x72,0xFF,
    0x0E,0x00,0x72,0xFF,0x0E,0x00,0x72,0xFF,0x07,0x00,0x07,0x00,0x72,0xFF,0x0E,0x00,
    0x72,0xFF,0x0E,0x00,0x72,0xFF,0x0E,0x00,0x2C,0xFF,0x01,0xFB,0x02,0x03,0x01,0x1F,
    0x01,0x0F,0x02,0xFF,0x01,0xE7,0x01,0xFF,0x02,0x0F,0x01,0xFF,0x01,0x3F,0x01,0x1F,
    0x02,0x03,0x01,0x4F,0x01,0x7F,0x02,0x0F,0x01,0xBB,0x01,0x01,0x01,0x00,0x01,0xBB,
    0x02,0x0F,0x2C,0xFF,0x0E,0x00,0x2C,0xFF,0x01,0xF9,0x01,0xFC,0x02,0xFB,0x01,0xF9,
    0x01,0xFF,0x01,0xE0,0x01,0xF0,0x02,0xFF,0x01,0xF8,0x01,0xFB,0x01,0xF8,0x01,0xFC,
    0x01,0xE0,0x01,0xF8,0x01,0xFE,0x01,0xFF,0x01,0xFC,0x01,0xFE,0x01,0xFF,0x01,0xE2,
    0x01,0xC0,0x01,0xFB,0x01,0xFE,0x01,0xFC,0x2C,0xFF,0x0E,0x00,0x72,0xFF,0x0E,0x00,
    0x72,0xFF,0x0E,0x00,0x72,0xFF,0x07,0x00,0x07,0x00,0x72,0xFF,0x0E,0x00,0x72,0xFF,
    0x0E,0x00,0x72,0xFF,0x0E,0x00,0x2C,0xFF,0x01,0xFB,0x02,0x03,0x01,0x1F,0x01,0x0F,
    0x02,0xFF,0x01,0xE7,0x01,0xFF,0x02,0x0F,0x01,0xFF,0x01,0x3F,0x01,0x1F,0x02,0x03,
    0x01,0x4F,0x01,0x7F,0x02,0x0F,0x01,0xBB,0x01,0x01,0x01,0x00,0x01,0xBB,0x02,0x0F,
    0x2C,0xFF,0x0E,0x00,0x2C,0xFF,0x01,0xF9,0x01,0xFC,0x02,0xFB,0x01,0xF9,0x01,0xFF,
    0x01,0xE0,0x01,0xF0,0x02,0xFF,0x01,0xF8,0x01,0xFB,0x01,0xF8,0x01,0xFC,0x01,0xE0,
    0x01,0xF8,0x01,0xFE,0x01,0xFF,0x01,0xFC,0x01,0xFE,0x01,0xFF,0x01,0xE2,0x01,0xC0,
    0x01,0xFB,0x01,0xFE,0x01,0xFC,0x2C,0xFF,0x0E,0x00,0x72,0xFF,0x0E,0x00,0x72,0xFF,
    0x0E,0x00,0x72,0xFF,0x07,0x00,0x07,0x00,0x72,0xFF,0x0E,0x00,0x72,0xFF,0x0E,0x00,
    0x72,0xFF,0x0E,0x00,0x2C,0xFF,0x01,0xFB,0x02,0x03,0x01,0x1F,0x01,0x0F,0x02,0xFF,
    0x01,0xE7,0x01,0xFF,0x02,0x0F,0x01,0xFF,0x01,0x3F,0x01,0x1F,0x02,0x03,0x01,0x4F,
    0x01,0x7F,0x02,0x0F,0x01,0xBB,0x01,0x01,0x01,0x00,0x01,0xBB,0x02,0x0F,0x2C,0xFF,
    0x0E,0x00,0x2C,0xFF,0x01,0xF9,0x01,0xFC,0x02,0xFB,0x01,0xF9,0x01,0xFF,0x01,0xE0,
    0x01,0xF0,0x02,0xFF,0x01,0xF8,0x01,0xFB,0x01,0xF8,0x01,0xFC,0x01,0xE0,0x01,0xF8,
    0x01,0xFE,0x01,0xFF,0x01,0xFC,0x01,0xFE,0x01,0xFF,0x01,0xE2,0x01,0xC0,0x01,0xFB,
    0x01,0xFE,0x01,0xFC,0x2C,0xFF,0x0E,0x00,0x72,0xFF,0x0E,0x00,0x72,0xFF,0x0E,0x00,
    0x72,0xFF,0x07,0x00,0x07,0x00,0x72,0xFF,0x0E,0x00,0x72,0xFF,0x0E,0x00,0x72,0xFF,
    0x0E,0x00,0x2C,0xFF,0x01,0xFB,0x02,0x03,0x01,0x1F,0x01,0x0F,0x02,0xFF,0x01,0xE7,
    0x01,0xFF,0x02,0x0F,0x01,0xFF,0x01,0x3F,0x01,0x1F,0x02,0x03,0x01,0x4F,0x01,0x7F,
    0x02,0x0F,0x01,0xBB,0x01,0x01,0x01,0x00,0x01,0xBB,0x02,0x0F,0x2C,0xFF,0x0E,0x00,
    0x2C,0xFF,0x01,0xF9,0x01,0xFC,0x02,0xFB,0x01,0xF9,0x01,0xFF,0x01,0xE0,0x01,0xF0,
    0x02,0xFF,0x01,0xF8,0x01,0xFB,0x01,0xF8,0x01,0xFC,0x01,0xE0,0x01,0xF8,0x01,0xFE,
    0x01,0xFF,0x01,0xFC,0x01,0xFE,0x01,0xFF,0x01,0xE2,0x01,0xC0,0x01,0xFB,0x01,0xFE,
    0x01,0xFC,0x2C,0xFF,0x0E,0x00,0x72,0xFF,0x0E,0x00,0x72,0xFF,0x0E,0x00,0x72,0xFF,
    0x07,0x00,0x07,0x00,0x72,0xFF,0x0E,0x00,0x72,0xFF,0x0E,0x00,0x72,0xFF,0x0E,0x00,
    0x2C,0xFF,0x01,0xFB,0x02,0x03,0x01,0x1F,0x01,0x0F,0x02,0xFF,0x01,0xE7,0x01,0xFF,
    0x02,0x0F,0x01,0xFF,0x01,0x3F,0x01,0x1F,0x02,0x03,0x01,0x4F,0x01,0x7F,0x02,0x0F,
    0x01,0xBB,0x01,0x01,0x01,0x00,0x01,0xBB,0x02,0x0F,0x2C,0xFF,0x0E,0x00,0x2C,0xFF,
    0x01,0xF9,0x01,0xFC,0x02,0xFB,0x01,0xF9,0x01,0xFF,0x01,0xE0,0x01,0xF0,0x02,0xFF,
    0x01,0xF8,0x01,0xFB,0x01,0xF8,0x01,0xFC,0x01,0xE0,0x01,0xF8,0x01,0xFE,0x01,0xFF,
    0x01,0xFC,0x01,0xFE,0x01,0xFF,0x01,0xE2,0x01,0xC0,0x01,0xFB,0x01,0xFE,0x01,0xFC,
    0x2C,0xFF,0x0E,0x00,0x72,0xFF,0x0E,0x00,0x72,0xFF,0x0E,0x00,0x72,0xFF,0x07,0x00,
    0x07,0x00,0x72,0xFF,0x0E,0x00,0x72,0xFF,0x0E,0x00,0x72,0xFF,0x0E,0x00,0x2C,0xFF,
    0x01,0xFB,0x02,0x03,0x01,0x1F,0x01,0x0F,0x02,0xFF,0x01,0xE7,0x01,0xFF,0x02,0x0F,
    0x01,0xFF,0x01,0x3F,0x01,0x1F,0x02,0x03,0x01,0x4F,0x01,0x7F,0x02,0x0F,0x01,0xBB,
    0x01,0x01,0x01,0x00,0x01,0xBB,0x02,0x0F,0x2C,0xFF,0x0E,0x00,0x2C,0xFF,0x01,0xF9,
    0x01,0xFC,0x02,0xFB,0x01,0xF9,0x01,0xFF,0x01,0xE0,0x01,0xF0,0x02,0xFF,0x01,0xF8,
    0x01,0xFB,0x01,0xF8,0x01,0xFC,0x01,0xE0,0x01,0xF8,0x01,0xFE,0x01,0xFF,0x01,0xFC,
    0x01,0xFE,0x01,0xFF,0x01,0xE2,0x01,0xC0,0x01,0xFB,0x01,0xFE,0x01,0xFC,0x2C,0xFF,
    0x0E,0x00,0x72,0xFF,0x0E,0x00,0x72,0xFF,0x0E,0x00,0x72,0xFF,0x07,0x00,0x07,0x00,
    0x72,0xFF,0x0E,0x00,0x72,0xFF,0x0E,0x00,0x72,0xFF,0x0E,0x00,0x2C,0xFF,0x01,0xFB,
    0x02,0x03,0x01,0x1F,0x01,0x0F,0x02,0xFF,0x01,0xE7,0x01,0xFF,0x02,0x0F,0x01,0xFF,
    0x01,0x3F,0x01,0x1F,0x02,0x03,0x01,0x4F,0x01,0x7F,0x02,0x0F,0x01,0xBB,0x01,0x01,
    0x01,0x00,0x01,0xBB,0x02,0x0F,0x2C,0xFF,0x0E,0x00,0x2C,0xFF,0x01,0xF9,0x01,0xFC,
    0x02,0xFB,0x01,0xF9,0x01,0xFF,0x01,0xE0,0x01,0xF0,0x02,0xFF,0x01,0xF8,0x01,0xFB,
    0x01,0xF8,0x01,0xFC,0x01,0xE0,0x01,0xF8,0x01,0xFE,0x01,0xFF,0x01,0xFC,0x01,0xFE,
    0x01,0xFF,0x01,0xE2,0x01,0xC0,0x01,0xFB,0x01,0xFE,0x01,0xFC,0x2C,0xFF,0x0E,0x00,
    0x72,0xFF,0x0E,0x00,0x72,0xFF,0x0E,0x00,0x72,0xFF,0x07,0x00,0x07,0x00,0x72,0xFF,
    0x0E,0x00,0x72,0xFF,0x0E,0x00,0x72,0xFF,0x0E,0x00,0x2C,0xFF,0x01,0xFB,0x02,0x03,
    0x01,0x1F,0x01,0x0F,0x02,0xFF,0x01,0xE7,0x01,0xFF,0x02,0x0F,0x01,0xFF,0x01,0x3F,
    0x01,0x1F,0x02,0x03,0x01,0x4F,0x01,0x7F,0x02,0x0F,0x01,0xBB,0x01,0x01,0x01,0x00,
    0x01,0xBB,0x02,0x0F,0x2C,0xFF,0x0E,0x00,0x2C,0xFF,0x01,0xF9,0x01,0xFC,0x02,0xFB,
    0x01,0xF9,0x01,0xFF,0x01,0xE0,0x01,0xF0,0x02,0xFF,0x01,0xF8,0x01,0xFB,0x01,0xF8,
    0x01,0xFC,0x01,0xE0,0x01,0xF8,0x01,0xFE,0x01,0xFF,0x01,0xFC,0x01,0xFE,0x01,0xFF,
    0x01,0xE2,0x01,0xC0,0x01,0xFB,0x01,0xFE,0x01,0xFC,0x2C,0xFF,0x0E,0x00,0x72,0xFF,
    0x0E,0x00,0x72,0xFF,0x0E,0x00,0x72,0xFF,0x07,0x00,0x07,0x00,0x72,0xFF,0x0E,0x00,
    0x72,0xFF,0x0E,0x00,0x72,0xFF,0x0E,0x00,0x2C,0xFF,0x01,0xFB,0x02,0x03,0x01,0x1F,
    0x01,0x0F,0x02,0xFF,0x01,0xE7,0x01,0xFF,0x02,0x0F,0x01,0xFF,0x01,0x3F,0x01,0x1F,
    0x02,0x03,0x01,0x4F,0x01,0x7F,0x02,0x0F,0x01,0xBB,0x01,0x01,0x01,0x00,0x01,0xBB,
    0x02,0x0F,0x2C,0xFF,0x0E,0x00,0x2C,0xFF,0x01,0xF9,0x01,0xFC,0x02,0xFB,0x01,0xF9,
    0x01,0xFF,0x01,0xE0,0x01,0xF0,0x02,0xFF,0x01,0xF8,0x01,0xFB,0x01,0xF8,0x01,0xFC,
    0x01,0xE0,0x01,0xF8,0x01,0xFE,0x01,0xFF,0x01,0xFC,0x01,0xFE,0x01,0xFF,0x01,0xE2,
    0x01,0xC0,0x01,0xFB,0x01,0xFE,0x01,0xFC,0x2C,0xFF,0x0E,0x00,0x72,0xFF,0x0E,0x00,
    0x72,0xFF,0x0E,0x00,0x72,0xFF,0x07,0x00,0x07,0x00,0x72,0xFF,0x0E,0x00,0x72,0xFF,
    0x0E,0x00,0x72,0xFF,0x0E,0x00,0x2C,0xFF,0x01,0xFB,0x02,0x03,0x01,0x1F,0x01,0x0F,
    0x02,0xFF,0x01,0xE7,0x01,0xFF,0x02,0x0F,0x01,0xFF,0x01,0x3F,0x01,0x1F,0x02,0x03,
    0x01,0x4F,0x01,0x7F,0x02,0x0F,0x01,0xBB,0x01,0x01,0x01,0x00,0x01,0xBB,0x02,0x0F,
    0x2C,0xFF,0x0E,0x00,0x2C,0xFF,0x01,0xF9,0x01,0xFC,0x02,0xFB,0x01,0xF9,0x01,0xFF,
    0x01,0xE0,0x01,0xF0,0x02,0xFF,0x01,0xF8,0x01,0xFB,0x01,0xF8,0x01,0xFC,0x01,0xE0,
    0x01,0xF8,0x01,0xFE,0x01,0xFF,0x01,0xFC,0x01,0xFE,0x01,0xFF,0x01,0xE2,0x01,0xC0,
    0x01,0xFB,0x01,0xFE,0x01,0xFC,0x2C,0xFF,0x0E,0x00,0x72,0xFF,0x0E,0x00,0x72,0xFF,
    0x0E,0x00,0x72,0xFF,0x07,0x00,0x07,0x00,0x72,0xFF,0x0E,0x00,0x72,0xFF,0x0E,0x00,
    0x72,0xFF,0x0E,0x00,0x2C,0xFF,0x01,0xFB,0x02,0x03,0x01,0x1F,0x01,0x0F,0x02,0xFF,
    0x01,0xE7,0x01,0xFF,0x02,0x0F,0x01,0xFF,0x01,0x3F,0x01,0x1F,0x02,0x03,0x01,0x4F,
    0x01,0x7F,0x02,0x0F,0x01,0xBB,0x01,0x01,0x01,0x00,0x01,0xBB,0x02,0x0F,0x2C,0xFF,
    0x0E,0x00,0x2C,0xFF,0x01,0xF9,0x01,0xFC,0x02,0xFB,0x01,0xF9,0x01,0xFF,0x01,0xE0,
    0x01,0xF0,0x02,0xFF,0x01,0xF8,0x01,0xFB,0x01,0xF8,0x01,0xFC,0x01,0xE0,0x01,0xF8,
    0x01,0xFE,0x01,0xFF,0x01,0xFC,0x01,0xFE,0x01,0xFF,0x01,0xE2,0x01,0xC0,0x01,0xFB,
    0x01,0xFE,0x01,0xFC,0x2C,0xFF,0x0E,0x00,0x72,0xFF,0x0E,0x00,0x72,0xFF,0x0E,0x00,
    0x72,0xFF,0x07,0x00,0x07,0x00,0x72,0xFF,0x0E,0x00,0x72,0xFF,0x0E,0x00,0x72,0xFF,
    0x0E,0x00,0x2C,0xFF,0x01,0xFB,0x02,0x03,0x01,0x1F,0x01,0x0F,0x02,0xFF,0x01,0xE7,
    0x01,0xFF,0x02,0x0F,0x01,0xFF,0x01,0x3F,0x01,0x1F,0x02,0x03,0x01,0x4F,0x01,0x7F,
    0x02,0x0F,0x01,0xBB,0x01,0x01,0x01,0x00,0x01,0xBB,0x02,0x0F,0x2C,0xFF,0x0E,0x00,
    0x2C,0xFF,0x01,0xF9,0x01,0xFC,0x02,0xFB,0x01,0xF9,0x01,0xFF,0x01,0xE0,0x01,0xF0,
    0x02,0xFF,0x01,0xF8,0x01,0xFB,0x01,0xF8,0x01,0xFC,0x01,0xE0,0x01,0xF8,0x01,0xFE,
    0x01,0xFF,0x01,0xFC,0x01,0xFE,0x01,0xFF,0x01,0xE2,0x01,0xC0,0x01,0xFB,0x01,0xFE,
    0x01,0xFC,0x2C,0xFF,0x0E,0x00,0x72,0xFF,0x0E,0x00,0x72,0xFF,0x0E,0x00,0x72,0xFF,
    0x07,0x00,0x07,0x00,0x72,0xFF,0x0E,0x00,0x72,0xFF,0x0E,0x00,0x72,0xFF,0x0E,0x00,
    0x2C,0xFF,0x01,0xFB,0x02,0x03,0x01,0x1F,0x01,0x0F,0x02,0xFF,0x01,0xE7,0x01,0xFF,
    0x02,0x0F,0x01,0xFF,0x01,0x3F,0x01,0x1F,0x02,0x03,0x01,0x4F,0x01,0x7F,0x02,0x0F,
    0x01,0xBB,0x01,0x01,0x01,0x00,0x01,0xBB,0x02,0x0F,0x2C,0xFF,0x0E,0x00,0x2C,0xFF,
    0x01,0xF9,0x01,0xFC,0x02,0xFB,0x01,0xF9,0x01,0xFF,0x01,0xE0,0x01,0xF0,0x02,0xFF,
    0x01,0xF8,0x01,0xFB,0x01,0xF8,0x01,0xFC,0x01,0xE0,0x01,0xF8,0x01,0xFE,0x01,0xFF,
    0x01,0xFC,0x01,0xFE,0x01,0xFF,0x01,0xE2,0x01,0xC0,0x01,0xFB,0x01,0xFE,0x01,0xFC,
    0x2C,0xFF,0x0E,0x00,0x72,0xFF,0x0E,0x00,0x72,0xFF,0x0E,0x00,0x72,0xFF,0x07,0x00,
    0x07,0x00,0x72,0xFF,0x0E,0x00,0x72,0xFF,0x0E,0x00,0x72,0xFF,0x0E,0x00,0x2C,0xFF,
    0x01,0xFB,0x02,0x03,0x01,0x1F,0x01,0x0F,0x02,0xFF,0x01,0xE7,0x01,0xFF,0x02,0x0F,
    0x01,0xFF,0x01,0x3F,0x01,0x1F,0x02,0x03,0x01,0x4F,0x01,0x7F,0x02,0x0F,0x01,0xBB,
    0x01,0x01,0x01,0x00,0x01,0xBB,0x02,0x0F,0x2C,0xFF,0x0E,0x00,0x2C,0xFF,0x01,0xF9,
    0x01,0xFC,0x02,0xFB,0x01,0xF9,0x01,0xFF,0x01,0xE0,0x01,0xF0,0x02,0xFF,0x01,0xF8,
    0x01,0xFB,0x01,0xF8,0x01,0xFC,0x01,0xE0,0x01,0xF8,0x01,0xFE,0x01,0xFF,0x01,0xFC,
    0x01,0xFE,0x01,0xFF,0x01,0xE2,0x01,0xC0,0x01,0xFB,0x01,0xFE,0x01,0xFC,0x2C,0xFF,
    0x0E,0x00,0x72,0xFF,0x0E,0x00,0x72,0xFF,0x0E,0x00,0x72,0xFF,0x07,0x00,0x07,0x00,
    0x72,0xFF,0x0E,0x00,0x72,0xFF,0x0E,0x00,0x72,0xFF,0x0E,0x00,0x2C,0xFF,0x01,0xFB,
    0x02,0x03,0x01,0x1F,0x01,0x0F,0x02,0xFF,0x01,0xE7,0x01,0xFF,0x02,0x0F,0x01,0xFF,
    0x01,0x3F,0x01,0x1F,0x02,0x03,0x01,0x4F,0x01,0x7F,0x02,0x0F,0x01,0xBB,0x01,0x01,
    0x01,0x00,0x01,0xBB,0x02,0x0F,0x2C,0xFF,0x0E,0x00,0x2C,0xFF,0x01,0xF9,0x01,0xFC,
    0x02,0xFB,0x01,0xF9,0x01,0xFF,0x01,0xE0,0x01,0xF0,0x02,0xFF,0x01,0xF8,0x01,0xFB,
    0x01,0xF8,0x01,0xFC,0x01,0xE0,0x01,0xF8,0x01,0xFE,0x01,0xFF,0x01,0xFC,0x01,0xFE,
    0x01,0xFF,0x01,0xE2,0x01,0xC0,0x01,0xFB,0x01,0xFE,0x01,0xFC,0x2C,0xFF,0x0E,0x00,
    0x72,0xFF,0x0E,0x00,0x72,0xFF,0x0E,0x00,0x72,0xFF,0x07,0x00,0x07,0x00,0x72,0xFF,
    0x0E,0x00,0x72,0xFF,0x0E,0x00,0x72,0xFF,0x0E,0x00,0x2C,0xFF,0x01,0xFB,0x02,0x03,
    0x01,0x1F,0x01,0x0F,0x02,0xFF,0x01,0xE7,0x01,0xFF,0x02,0x0F,0x01,0xFF,0x01,0x3F,
    0x01,0x1F,0x02,0x03,0x01,0x4F,0x01,0x7F,0x02,0x0F,0x01,0xBB,0x01,0x01,0x01,0x00,
    0x01,0xBB,0x02,0x0F,0x2C,0xFF,0x0E,0x00,0x2C,0xFF,0x01,0xF9,0x01,0xFC,0x02,0xFB,
    0x01,0xF9,0x01,0xFF,0x01,0xE0,0x01,0xF0,0x02,0xFF,0x01,0xF8,0x01,0xFB,0x01,0xF8,
    0x01,0xFC,0x01,0xE0,0x01,0xF8,0x01,0xFE,0x01,0xFF,0x01,0xFC,0x01,0xFE,0x01,0xFF,
    0x01,0xE2,0x01,0xC0,0x01,0xFB,0x01,0xFE,0x01,0xFC,0x2C,0xFF,0x0E,0x00,0x72,0xFF,
    0x0E,0x00,0x72,0xFF,0x0E,0x00,0x72,0xFF,0x07,0x00,0x07,0x00,0x72,0xFF,0x0E,0x00,
    0x72,0xFF,0x0E,0x00,0x72,0xFF,0x0E,0x00,0x2C,0xFF,0x01,0xFB,0x02,0x03,0x01,0x1F,
    0x01,0x0F,0x02,0xFF,0x01,0xE7,0x01,0xFF,0x02,0x0F,0x01,0xFF,0x01,0x3F,0x01,0x1F,
    0x02,0x03,0x01,0x4F,0x01,0x7F,0x02,0x0F,0x01,0xBB,0x01,0x01,0x01,0x00,0x01,0xBB,
    0x02,0x0F,0x2C,0xFF,0x0E,0x00,0x2C,0xFF,0x01,0xF9,0x01,0xFC,0x02,0xFB,0x01,0xF9,
    0x01,0xFF,0x01,0xE0,0x01,0xF0,0x02,0xFF,0x01,0xF8,0x01,0xFB,0x01,0xF8,0x01,0xFC,
    0x01,0xE0,0x01,0xF8,0x01,0xFE,0x01,0xFF,0x01,0xFC,0x01,0xFE,0x01,0xFF,0x01,0xE2,
    0x01,0xC0,0x01,0xFB,0x01,0xFE,0x01,0xFC,0x2C,0xFF,0x0E,0x00,0x72,0xFF,0x0E,0x00,
    0x72,0xFF,0x0E,0x00,0x72,0xFF,0x07,0x00,0x07,0x00,0x72,0xFF,0x0E,0x00,0x72,0xFF,
    0x0E,0x00,0x72,0xFF,0x0E,0x00,0x2C,0xFF,0x01,0xFB,0x02,0x03,0x01,0x1F,0x01,0x0F,
    0x02,0xFF,0x01,0xE7,0x01,0xFF,0x02,0x0F,0x01,0xFF,0x01,0x3F,0x01,0x1F,0x02,0x03,
    0x01,0x4F,0x01,0x7F,0x02,0x0F,0x01,0xBB,0x01,0x01,0x01,0x00,0x01,0xBB,0x02,0x0F,
    0x2C,0xFF,0x0E,0x00,0x2C,0xFF,0x01,0xF9,0x01,0xFC,0x02,0xFB,0x01,0xF9,0x01,0xFF,
    0x01,0xE0,0x01,0xF0,0x02,0xFF,0x01,0xF8,0x01,0xFB,0x01,0xF8,0x01,0xFC,0x01,0xE0,
    0x01,0xF8,0x01,0xFE,0x01,0xFF,0x01,0xFC,0x01,0xFE,0x01,0xFF,0x01,0xE2,0x01,0xC0,
    0x01,0xFB,0x01,0xFE,0x01,0xFC,0x2C,0xFF,0x0E,0x00,0x72,0xFF,0x0E,0x00,0x72,0xFF,
    0x0E,0x00,0x72,0xFF,0x07,0x00,0x07,0x00,0x72,0xFF,0x0E,0x00,0x72,0xFF,0x0E,0x00,
    0x72,0xFF,0x0E,0x00,0x2C,0xFF,0x01,0xFB,0x02,0x03,0x01,0x1F,0x01,0x0F,0x02,0xFF,
    0x01,0xE7,0x01,0xFF,0x02,0x0F,0x01,0xFF,0x01,0x3F,0x01,0x1F,0x02,0x03,0x01,0x4F,
    0x01,0x7F,0x02,0x0F,0x01,0xBB,0x01,0x01,0x01,0x00,0x01,0xBB,0x02,0x0F,0x2C,0xFF,
    0x0E,0x00,0x2C,0xFF,0x01,0xF9,0x01,0xFC,0x02,0xFB,0x01,0xF9,0x01,0xFF,0x01,0xE0,
    0x01,0xF0,0x02,0xFF,0x01,0xF8,0x01,0xFB,0x01,0xF8,0x01,0xFC,0x01,0xE0,0x01,0xF8,
    0x01,0xFE,0x01,0xFF,0x01,0xFC,0x01,0xFE,0x01,0xFF,0x01,0xE2,0x01,0xC0,0x01,0xFB,
    0x01,0xFE,0x01,0xFC,0x2C,0xFF,0x0E,0x00,0x72,0xFF,0x0E,0x00,0x72,0xFF,0x0E,0x00,
    0x72,0xFF,0x07,0x00,0x07,0x00,0x72,0xFF,0x0E,0x00,0x72,0xFF,0x0E,0x00,0x72,0xFF,
    0x0E,0x00,0x2C,0xFF,0x01,0xFB,0x02,0x03,0x01,0x1F,0x01,0x0F,0x02,0xFF,0x01,0xE7,
    0x01,0xFF,0x02,0x0F,0x01,0xFF,0x01,0x3F,0x01,0x1F,0x02,0x03,0x01,0x4F,0x01,0x7F,
    0x02,0x0F,0x01,0xBB,0x01,0x01,0x01,0x00,0x01,0xBB,0x02,0x0F,0x2C,0xFF,0x0E,0x00,
    0x2C,0xFF,0x01,0xF9,0x01,0xFC,0x02,0xFB,0x01,0xF9,0x01,0xFF,0x01,0xE0,0x01,0xF0,
    0x02,0xFF,0x01,0xF8,0x01,0xFB,0x01,0xF8,0x01,0xFC,0x01,0xE0,0x01,0xF8,0x01,0xFE,
    0x01,0xFF,0x01,0xFC,0x01,0xFE,0x01,0xFF,0x01,0xE2,0x01,0xC0,0x01,0xFB,0x01,0xFE,
    0x01,0xFC,0x2C,0xFF,0x0E,0x00,0x72,0xFF,0x0E,0x00,0x72,0xFF,0x0E,0x00,0x72,0xFF,
    0x07,0x00,0x07,0x00,0x72,0xFF,0x0E,0x00,0x72,0xFF,0x0E,0x00,0x72,0xFF,0x0E,0x00,
    0x2C,0xFF,0x01,0xFB,0x02,0x03,0x01,0x1F,0x01,0x0F,0x02,0xFF,0x01,0xE7,0x01,0xFF,
    0x02,0x0F,0x01,0xFF,0x01,0x3F,0x01,0x1F,0x02,0x03,0x01,0x4F,0x01,0x7F,0x02,0x0F,
    0x01,0xBB,0x01,0x01,0x01,0x00,0x01,0xBB,0x02,0x0F,0x2C,0xFF,0x0E,0x00,0x2C,0xFF,
    0x01,0xF9,0x01,0xFC,0x02,0xFB,0x01,0xF9,0x01,0xFF,0x01,0xE0,0x01,0xF0,0x02,0xFF,
    0x01,0xF8,0x01,0xFB,0x01,0xF8,0x01,0xFC,0x01,0xE0,0x01,0xF8,0x01,0xFE,0x01,0xFF,
    0x01,0xFC,0x01,0xFE,0x01,0xFF,0x01,0xE2,0x01,0xC0,0x01,0xFB,0x01,0xFE,0x01,0xFC,
    0x2C,0xFF,0x0E,0x00,0x72,0xFF,0x0E,0x00,0x72,0xFF,0x0E,0x00,0x72,0xFF,0x07,0x00,
    0x07,0x00,0x72,0xFF,0x0E,0x00,0x72,0xFF,0x0E,0x00,0x72,0xFF,0x0E,0x00,0x2C,0xFF,
    0x01,0xFB,0x02,0x03,0x01,0x1F,0x01,0x0F,0x02,0xFF,0x01,0xE7,0x01,0xFF,0x02,0x0F,
    0x01,0xFF,0x01,0x3F,0x01,0x1F,0x02,0x03,0x01,0x4F,0x01,0x7F,0x02,0x0F,0x01,0xBB,
    0x01,0x01,0x01,0x00,0x01,0xBB,0x02,0x0F,0x2C,0xFF,0x0E,0x00,0x2C,0xFF,0x01,0xF9,
    0x01,0xFC,0x02,0xFB,0x01,0xF9,0x01,0xFF,0x01,0xE0,0x01,0xF0,0x02,0xFF,0x01,0xF8,
    0x01,0xFB,0x01,0xF8,0x01,0xFC,0x01,0xE0,0x01,0xF8,0x01,0xFE,0x01,0xFF,0x01,0xFC,
    0x01,0xFE,0x01,0xFF,0x01,0xE2,0x01,0xC0,0x01,0xFB,0x01,0xFE,0x01,0xFC,0x2C,0xFF,
    0x0E,0x00,0x72,0xFF,0x0E,0x00,0x72,0xFF,0x0E,0x00,0x72,0xFF,0x07,0x00,0x07,0x00,
    0x72,0xFF,0x0E,0x00,0x72,0xFF,0x0E,0x00,0x72,0xFF,0x0E,0x00,0x2C,0xFF,0x01,0xFB,
    0x02,0x03,0x01,0x1F,0x01,0x0F,0x02,0xFF,0x01,0xE7,0x01,0xFF,0x02,0x0F,0x01,0xFF,
    0x01,0x3F,0x01,0x1F,0x02,0x03,0x01,0x4F,0x01,0x7F,0x02,0x0F,0x01,0xBB,0x01,0x01,
    0x01,0x00,0x01,0xBB,0x02,0x0F,0x2C,0xFF,0x0E,0x00,0x2C,0xFF,0x01,0xF9,0x01,0xFC,
    0x02,0xFB,0x01,0xF9,0x01,0xFF,0x01,0xE0,0x01,0xF0,0x02,0xFF,0x01,0xF8,0x01,0xFB,
    0x01,0xF8,0x01,0xFC,0x01,0xE0,0x01,0xF8,0x01,0xFE,0x01,0xFF,0x01,0xFC,0x01,0xFE,
    0x01,0xFF,0x01,0xE2,0x01,0xC0,0x01,0xFB,0x01,0xFE,0x01,0xFC,0x2C,0xFF,0x0E,0x00,
    0x72,0xFF,0x0E,0x00,0x72,0xFF,0x0E,0x00,0x72,0xFF,0x07,0x00,0x07,0x00,0x72,0xFF,
    0x0E,0x00,0x72,0xFF,0x0E,0x00,0x72,0xFF,0x0E,0x00,0x2C,0xFF,0x01,0xFB,0x02,0x03,
    0x01,0x1F,0x01,0x0F,0x02,0xFF,0x01,0xE7,0x01,0xFF,0x02,0x0F,0x01,0xFF,0x01,0x3F,
    0x01,0x1F,0x02,0x03,0x01,0x4F,0x01,0x7F,0x02,0x0F,0x01,0xBB,0x01,0x01,0x01,0x00,
    0x01,0xBB,0x02,0x0F,0x2C,0xFF,0x0E,0x00,0x2C,0xFF,0x01,0xF9,0x01,0xFC,0x02,0xFB,
    0x01,0xF9,0x01,0xFF,0x01,0xE0,0x01,0xF0,0x02,0xFF,0x01,0xF8,0x01,0xFB,0x01,0xF8,
    0x01,0xFC,0x01,0xE0,0x01,0xF8,0x01,0xFE,0x01,0xFF,0x01,0xFC,0x01,0xFE,0x01,0xFF,
    0x01,0xE2,0x01,0xC0,0x01,0xFB,0x01,0xFE,0x01,0xFC,0x2C,0xFF,0x0E,0x00,0x72,0xFF,
    0x0E,0x00,0x72,0xFF,0x0E,0x00,0x72,0xFF,0x07,0x00,0x07,0x00,0x72,0xFF,0x0E,0x00,
    0x72,0xFF,0x0E,0x00,0x72,0xFF,0x0E,0x00,0x2C,0xFF,0x01,0xFB,0x02,0x03,0x01,0x1F,
    0x01,0x0F,0x02,0xFF,0x01,0xE7,0x01,0xFF,0x02,0x0F,0x01,0xFF,0x01,0x3F,0x01,0x1F,
    0x02,0x03,0x01,0x4F,0x01,0x7F,0x02,0x0F,0x01,0xBB,0x01,0x01,0x01,0x00,0x01,0xBB,
    0x02,0x0F,0x2C,0xFF,0x0E,0x00,0x2C,0xFF,0x01,0xF9,0x01,0xFC,0x02,0xFB,0x01,0xF9,
    0x01,0xFF,0x01,0xE0,0x01,0xF0,0x02,0xFF,0x01,0xF8,0x01,0xFB,0x01,0xF8,0x01,0xFC,
    0x01,0xE0,0x01,0xF8,0x01,0xFE,0x01,0xFF,0x01,0xFC,0x01,0xFE,0x01,0xFF,0x01,0xE2,
    0x01,0xC0,0x01,0xFB,0x01,0xFE,0x01,0xFC,0x2C,0xFF,0x0E,0x00,0x72,0xFF,0x0E,0x00,
    0x72,0xFF,0x0E,0x00,0x72,0xFF,0x07,0x00,0x07,0x00,0x72,0xFF,0x0E,0x00,0x72,0xFF,
    0x0E,0x00,0x72,0xFF,0x0E,0x00,0x2C,0xFF,0x01,0xFB,0x02,0x03,0x01,0x1F,0x01,0x0F,
    0x02,0xFF,0x01,0xE7,0x01,0xFF,0x02,0x0F,0x01,0xFF,0x01,0x3F,0x01,0x1F,0x02,0x03,
    0x01,0x4F,0x01,0x7F,0x02,0x0F,0x01,0xBB,0x01,0x01,0x01,0x00,0x01,0xBB,0x02,0x0F,
    0x2C,0xFF,0x0E,0x00,0x2C,0xFF,0x01,0xF9,0x01,0xFC,0x02,0xFB,0x01,0xF9,0x01,0xFF,
    0x01,0xE0,0x01,0xF0,0x02,0xFF,0x01,0xF8,0x01,0xFB,0x01,0xF8,0x01,0xFC,0x01,0xE0,
    0x01,0xF8,0x01,0xFE,0x01,0xFF,0x01,0xFC,0x01,0xFE,0x01,0xFF,0x01,0xE2,0x01,0xC0,
    0x01,0xFB,0x01,0xFE,0x01,0xFC,0x2C,0xFF,0x0E,0x00,0x72,0xFF,0x0E,0x00,0x72,0xFF,
    0x0E,0x00,0x72,0xFF,0x07,0x00,0x07,0x00,0x72,0xFF,0x0E,0x00,0x72,0xFF,0x0E,0x00,
    0x72,0xFF,0x0E,0x00,0x2C,0xFF,0x01,0xFB,0x02,0x03,0x01,0x1F,0x01,0x0F,0x02,0xFF,
    0x01,0xE7,0x01,0xFF,0x02,0x0F,0x01,0xFF,0x01,0x3F,0x01,0x1F,0x02,0x03,0x01,0x4F,
    0x01,0x7F,0x02,0x0F,0x01,0xBB,0x01,0x01,0x01,0x00,0x01,0xBB,0x02,0x0F,0x2C,0xFF,
    0x0E,0x00,0x2C,0xFF,0x01,0xF9,0x01,0xFC,0x02,0xFB,0x01,0xF9,0x01,0xFF,0x01,0xE0,
    0x01,0xF0,0x02,0xFF,0x01,0xF8,0x01,0xFB,0x01,0xF8,0x01,0xFC,0x01,0xE0,0x01,0xF8,
    0x01,0xFE,0x01,0xFF,0x01,0xFC,0x01,0xFE,0x01,0xFF,0x01,0xE2,0x01,0xC0,0x01,0xFB,
    0x01,0xFE,0x01,0xFC,0x2C,0xFF,0x0E,0x00,0x72,0xFF,0x0E,0x00,0x72,0xFF,0x0E,0x00,
    0x72,0xFF,0x07,0x00,0x07,0x00,0x72,0xFF,0x0E,0x00,0x72,0xFF,0x0E,0x00,0x72,0xFF,
    0x0E,0x00,0x2C,0xFF,0x01,0xFB,0x02,0x03,0x01,0x1F,0x01,0x0F,0x02,0xFF,0x01,0xE7,
    0x01,0xFF,0x02,0x0F,0x01,0xFF,0x01,0x3F,0x01,0x1F,0x02,0x03,0x01,0x4F,0x01,0x7F,
    0x02,0x0F,0x01,0xBB,0x01,0x01,0x01,0x00,0x01,0xBB,0x02,0x0F,0x2C,0xFF,0x0E,0x00,
    0x2C,0xFF,0x01,0xF9,0x01,0xFC,0x02,0xFB,0x01,0xF9,0x01,0xFF,0x01,0xE0,0x01,0xF0,
    0x02,0xFF,0x01,0xF8,0x01,0xFB,0x01,0xF8,0x01,0xFC,0x01,0xE0,0x01,0xF8,0x01,0xFE,
    0x01,0xFF,0x01,0xFC,0x01,0xFE,0x01,0xFF,0x01,0xE2,0x01,0xC0,0x01,0xFB,0x01,0xFE,
    0x01,0xFC,0x2C,0xFF,0x0E,0x00,0x72,0xFF,0x0E,0x00,0x72,0xFF,0x0E,0x00,0x72,0xFF,
    0x07,0x00,0x07,0x00,0x72,0xFF,0x0E,0x00,0x72,0xFF,0x0E,0x00,0x72,0xFF,0x0E,0x00,
    0x2C,0xFF,0x01,0xFB,0x02,0x03,0x01,0x1F,0x01,0x0F,0x02,0xFF,0x01,0xE7,0x01,0xFF,
    0x02,0x0F,0x01,0xFF,0x01,0x3F,0x01,0x1F,0x02,0x03,0x01,0x4F,0x01,0x7F,0x02,0x0F,
    0x01,0xBB,0x01,0x01,0x01,0x00,0x01,0xBB,0x02,0x0F,0x2C,0xFF,0x0E,0x00,0x2C,0xFF,
    0x01,0xF9,0x01,0xFC,0x02,0xFB,0x01,0xF9,0x01,0xFF,0x01,0xE0,0x01,0xF0,0x02,0xFF,
    0x01,0xF8,0x01,0xFB,0x01,0xF8,0x01,0xFC,0x01,0xE0,0x01,0xF8,0x01,0xFE,0x01,0xFF,
    0x01,0xFC,0x01,0xFE,0x01,0xFF,0x01,0xE2,0x01,0xC0,0x01,0xFB,0x01,0xFE,0x01,0xFC,
    0x2C,0xFF,0x0E,0x00,0x72,0xFF,0x0E,0x00,0x72,0xFF,0x0E,0x00,0x72,0xFF,0x07,0x00,
    0x07,0x00,0x72,0xFF,0x0E,0x00,0x72,0xFF,0x0E,0x00,0x72,0xFF,0x0E,0x00,0x2D,0xFF,
    0x02,0x03,0x01,0x1F,0x01,0x0F,0x02,0xFF,0x01,0xE7,0x01,0xFF,0x02,0x0F,0x01,0xFF,
    0x02,0x3F,0x01,0x03,0x01,0x0B,0x01,0x4F,0x01,0xFF,0x02,0x0F,0x01,0xBF,0x01,0x11,
    0x01,0x00,0x01,0xBB,0x02,0x0F,0x2C,0xFF,0x0E,0x00,0x2C,0xFF,0x01,0xF9,0x01,0xFC,
    0x02,0xFB,0x01,0xF9,0x01,0xFF,0x01,0xE2,0x01,0xF0,0x02,0xFF,0x02,0xFB,0x01,0xF8,
    0x01,0xFC,0x01,0xE0,0x01,0xFC,0x01,0xFE,0x01,0xFF,0x01,0xFC,0x01,0xFE,0x01,0xFF,
    0x01,0xE3,0x01,0xC0,0x01,0xFF,0x01,0xFE,0x01,0xFC,0x2C,0xFF,0x0E,0x00,0x72,0xFF,
    0x0E,0x00,0x72,0xFF,0x0E,0x00,0x72,0xFF,0x07,0x00,0x07,0x00,0x72,0xFF,0x0E,0x00,
    0x72,0xFF,0x0E,0x00,0x72,0xFF,0x0E,0x00,0x2D,0xFF,0x02,0x03,0x01,0x1F,0x01,0x0F,
    0x02,0xFF,0x01,0xE7,0x01,0xFF,0x02,0x0F,0x01,0xFF,0x02,0x3F,0x01,0x03,0x01,0x0B,
    0x01,0x4F,0x01,0xFF,0x02,0x0F,0x01,0xBF,0x01,0x11,0x01,0x00,0x01,0xBB,0x02,0x0F,
    0x2C,0xFF,0x0E,0x00,0x2C,0xFF,0x01,0xF9,0x01,0xFC,0x02,0xFB,0x01,0xF9,0x01,0xFF,
    0x01,0xE2,0x01,0xF0,0x02,0xFF,0x02,0xFB,0x01,0xF8,0x01,0xFC,0x01,0xE0,0x01,0xFC,
    0x01,0xFE,0x01,0xFF,0x01,0xFC,0x01,0xFE,0x01,0xFF,0x01,0xE3,0x01,0xC0,0x01,0xFF,
    0x01,0xFE,0x01,0xFC,0x2C,0xFF,0x0E,0x00,0x72,0xFF,0x0E,0x00,0x72,0xFF,0x0E,0x00,
    0x72,0xFF,0x07,0x00,0x07,0x00,0x72,0xFF,0x0E,0x00,0x72,0xFF,0x0E,0x00,0x72,0xFF,
    0x0E,0x00,0x2D,0xFF,0x02,0x03,0x01,0x1F,0x01,0x0F,0x02,0xFF,0x01,0xE7,0x01,0xFF,
    0x02,0x0F,0x01,0xFF,0x02,0x3F,0x01,0x03,0x01,0x0B,0x01,0x4F,0x01,0xFF,0x02,0x0F,
    0x01,0xBF,0x01,0x11,0x01,0x00,0x01,0xBB,0x02,0x0F,0x2C,0xFF,0x0E,0x00,0x2C,0xFF,
    0x01,0xF9,0x01,0xFC,0x02,0xFB,0x01,0xF9,0x01,0xFF,0x01,0xE2,0x01,0xF0,0x02,0xFF,
    0x02,0xFB,0x01,0xF8,0x01,0xFC,0x01,0xE0,0x01,0xFC,0x01,0xFE,0x01,0xFF,0x01,0xFC,
    0x01,0xFE,0x01,0xFF,0x01,0xE3,0x01,0xC0,0x01,0xFF,0x01,0xFE,0x01,0xFC,0x2C,0xFF,
    0x0E,0x00,0x72,0xFF,0x0E,0x00,0x72,0xFF,0x0E,0x00,0x72,0xFF,0x07,0x00,0x07,0x00,
    0x72,0xFF,0x0E,0x00,0x72,0xFF,0x0E,0x00,0x72,0xFF,0x0E,0x00,0x2D,0xFF,0x02,0x03,
    0x01,0x1F,0x01,0x0F,0x02,0xFF,0x01,0xE7,0x01,0xFF,0x02,0x0F,0x01,0xFF,0x02,0x3F,
    0x01,0x03,0x01,0x0B,0x01,0x4F,0x01,0xFF,0x02,0x0F,0x01,0xBF,0x01,0x11,0x01,0x00,
    0x01,0xBB,0x02,0x0F,0x2C,0xFF,0x0E,0x00,0x2C,0xFF,0x01,0xF9,0x01,0xFC,0x02,0xFB,
    0x01,0xF9,0x01,0xFF,0x01,0xE2,0x01,0xF0,0x02,0xFF,0x02,0xFB,0x01,0xF8,0x01,0xFC,
    0x01,0xE0,0x01,0xFC,0x01,0xFE,0x01,0xFF,0x01,0xFC,0x01,0xFE,0x01,0xFF,0x01,0xE3,
    0x01,0xC0,0x01,0xFF,0x01,0xFE,0x01,0xFC,0x2C,0xFF,0x0E,0x00,0x72,0xFF,0x0E,0x00,
    0x72,0xFF,0x0E,0x00,0x72,0xFF,0x07,0x00,0x07,0x00,0x72,0xFF,0x0E,0x00,0x72,0xFF,
    0x0E,0x00,0x72,0xFF,0x0E,0x00,0x2D,0xFF,0x02,0x03,0x01,0x1F,0x01,0x0F,0x02,0xFF,
    0x01,0xE7,0x01,0xFF,0x02,0x0F,0x01,0xFF,0x02,0x3F,0x01,0x03,0x01,0x0B,0x01,0x4F,
    0x01,0xFF,0x02,0x0F,0x01,0xBF,0x01,0x11,0x01,0x00,0x01,0xBB,0x02,0x0F,0x2C,0xFF,
    0x0E,0x00,0x2C,0xFF,0x01,0xF9,0x01,0xFC,0x02,0xFB,0x01,0xF9,0x01,0xFF,0x01,0xE2,
    0x01,0xF0,0x02,0xFF,0x02,0xFB,0x01,0xF8,0x01,0xFC,0x01,0xE0,0x01,0xFC,0x01,0xFE,
    0x01,0xFF,0x01,0xFC,0x01,0xFE,0x01,0xFF,0x01,0xE3,0x01,0xC0,0x01,0xFF,0x01,0xFE,
    0x01,0xFC,0x2C,0xFF,0x0E,0x00,0x72,0xFF,0x0E,0x00,0x72,0xFF,0x0E,0x00,0x72,0xFF,
    0x07,0x00,0x07,0x00,0x72,0xFF,0x0E,0x00,0x72,0xFF,0x0E,0x00,0x72,0xFF,0x0E,0x00,
    0x2D,0xFF,0x02,0x03,0x01,0x1F,0x01,0x0F,0x02,0xFF,0x01,0xE7,0x01,0xFF,0x02,0x0F,
    0x01,0xFF,0x02,0x3F,0x01,0x03,0x01,0x0B,0x01,0x4F,0x01,0xFF,0x02,0x0F,0x01,0xBF,
    0x01,0x11,0x01,0x00,0x01,0xBB,0x02,0x0F,0x2C,0xFF,0x0E,0x00,0x2C,0xFF,0x01,0xF9,
    0x01,0xFC,0x02,0xFB,0x01,0xF9,0x01,0xFF,0x01,0xE2,0x01,0xF0,0x02,0xFF,0x02,0xFB,
    0x01,0xF8,0x01,0xFC,0x01,0xE0,0x01,0xFC,0x01,0xFE,0x01,0xFF,0x01,0xFC,0x01,0xFE,
    0x01,0xFF,0x01,0xE3,0x01,0xC0,0x01,0xFF,0x01,0xFE,0x01,0xFC,0x2C,0xFF,0x0E,0x00,
    0x72,0xFF,0x0E,0x00,0x72,0xFF,0x0E,0x00,0x72,0xFF,0x07,0x00,0x07,0x00,0x72,0xFF,
    0x0E,0x00,0x72,0xFF,0x0E,0x00,0x72,0xFF,0x0E,0x00,0x2D,0xFF,0x02,0x03,0x01,0x1F,
    0x01,0x0F,0x02,0xFF,0x01,0xE7,0x01,0xFF,0x02,0x0F,0x01,0xFF,0x02,0x3F,0x01,0x03,
    0x01,0x0B,0x01,0x4F,0x01,0xFF,0x02,0x0F,0x01,0xBF,0x01,0x11,0x01,0x00,0x01,0xBB,
    0x02,0x0F,0x2C,0xFF,0x0E,0x00,0x2C,0xFF,0x01,0xF9,0x01,0xFC,0x02,0xFB,0x01,0xF9,
    0x01,0xFF,0x01,0xE2,0x01,0xF0,0x02,0xFF,0x02,0xFB,0x01,0xF8,0x01,0xFC,0x01,0xE0,
    0x01,0xFC,0x01,0xFE,0x01,0xFF,0x01,0xFC,0x01,0xFE,0x01,0xFF,0x01,0xE3,0x01,0xC0,
    0x01,0xFF,0x01,0xFE,0x01,0xFC,0x2C,0xFF,0x0E,0x00,0x72,0xFF,0x0E,0x00,0x72,0xFF,
    0x0E,0x00,0x72,0xFF,0x07,0x00,0x07,0x00,0x72,0xFF,0x0E,0x00,0x72,0xFF,0x0E,0x00,
    0x72,0xFF,0x0E,0x00,0x2D,0xFF,0x01,0x03,0x01,0xF3,0x01,0xFF,0x01,0x0F,0x02,0xFF,
    0x01,0xE7,0x01,0xFF,0x01,0x5F,0x01,0x0F,0x02,0xFF,0x01,0x3F,0x01,0x13,0x01,0x4B,
    0x01,0x6F,0x01,0xFF,0x01,0x0F,0x01,0x1F,0x01,0xBF,0x01,0x31,0x01,0x10,0x01,0xBB,
    0x02,0x0F,0x2C,0xFF,0x0E,0x00,0x2C,0xFF,0x01,0xFB,0x01,0xFC,0x02,0xFB,0x01,0xFD,
    0x01,0xFF,0x01,0xFE,0x01,0xF0,0x02,0xFF,0x02,0xFB,0x01,0xF9,0x01,0xFE,0x01,0xE0,
    0x01,0xFC,0x01,0xFE,0x01,0xFF,0x01,0xFC,0x01,0xFE,0x01,0xFF,0x02,0xE3,0x01,0xFF,
    0x01,0xFE,0x01,0xFC,0x2C,0xFF,0x0E,0x00,0x72,0xFF,0x0E,0x00,0x72,0xFF,0x0E,0x00,
    0x72,0xFF,0x07,0x00,0x07,0x00,0x72,0xFF,0x0E,0x00,0x72,0xFF,0x0E,0x00,0x72,0xFF,
    0x0E,0x00,0x2D,0xFF,0x01,0x03,0x01,0xF3,0x01,0xFF,0x01,0x0F,0x02,0xFF,0x01,0xE7,
    0x01,0xFF,0x01,0x5F,0x01,0x0F,0x02,0xFF,0x01,0x3F,0x01,0x13,0x01,0x4B,0x01,0x6F,
    0x01,0xFF,0x01,0x0F,0x01,0x1F,0x01,0xBF,0x01,0x31,0x01,0x10,0x01,0xBB,0x02,0x0F,
    0x2C,0xFF,0x0E,0x00,0x2C,0xFF,0x01,0xFB,0x01,0xFC,0x02,0xFB,0x01,0xFD,0x01,0xFF,
    0x01,0xFE,0x01,0xF0,0x02,0xFF,0x02,0xFB,0x01,0xF9,0x01,0xFE,0x01,0xE0,0x01,0xFC,
    0x01,0xFE,0x01,0xFF,0x01,0xFC,0x01,0xFE,0x01,0xFF,0x02,0xE3,0x01,0xFF,0x01,0xFE,
    0x01,0xFC,0x2C,0xFF,0x0E,0x00,0x72,0xFF,0x0E,0x00,0x72,0xFF,0x0E,0x00,0x72,0xFF,
    0x07,0x00,0x07,0x00,0x72,0xFF,0x0E,0x00,0x72,0xFF,0x0E,0x00,0x72,0xFF,0x0E,0x00,
    0x2D,0xFF,0x01,0x07,0x02,0xFF,0x01,0x5F,0x05,0xFF,0x01,0x5F,0x0E,0xFF,0x01,0xDF,
    0x2C,0xFF,0x0E,0x00,0x2D,0xFF,0x01,0xFE,0x05,0xFF,0x01,0xF7,0x3E,0xFF,0x0E,0x00,
    0x72,0xFF,0x0E,0x00,0x72,0xFF,0x0E,0x00,0x72,0xFF,0x07,0x00,0x07,0x00,0x72,0xFF,
    0x0E,0x00,0x72,0xFF,0x0E,0x00,0x72,0xFF,0x0E,0x00,0x72,0xFF,0x0E,0x00,0x72,0xFF,
    0x0E,0x00,0x72,0xFF,0x0E,0x00,0x72,0xFF,0x0E,0x00,0x72,0xFF,0x07,0x00,0x07,0x00,
    0x72,0xFF,0x0E,0x00,0x72,0xFF,0x0E,0x00,0x72,0xFF,0x0E,0x00,0x72,0xFF,0x0E,0x00,
    0x72,0xFF,0x0E,0x00,0x72,0xFF,0x0E,0x00,0x72,0xFF,0x0E,0x00,0x72,0xFF,0x07,0x00,
    0x07,0x00,0x72,0xFF,0x0E,0x00,0x72,0xFF,0x0E,0x00,0x72,0xFF,0x0E,0x00,0x72,0xFF,
    0x0E,0x00,0x72,0xFF,0x0E,0x00,0x72,0xFF,0x0E,0x00,0x72,0xFF,0x0E,0x00,0x72,0xFF,
    0x07,0x00,0x07,0x00,0x72,0xFF,0x0E,0x00,0x72,0xFF,0x0E,0x00,0x72,0xFF,0x0E,0x00,
    0x72,0xFF,0x0E,0x00,0x72,0xFF,0x0E,0x00,0x72,0xFF,0x0E,0x00,0x72,0xFF,0x0E,0x00,
    0x72,0xFF,0x07,0x00,0x07,0x00,0x72,0xFF,0x0E,0x00,0x72,0xFF,0x0E,0x00,0x72,0xFF,
    0x0E,0x00,0x72,0xFF,0x0E,0x00,0x72,0xFF,0x0E,0x00,0x72,0xFF,0x0E,0x00,0x72,0xFF,
    0x0E,0x00,0x72,0xFF,0x07,0x00,0x07,0x00,0x72,0xFF,0x0E,0x00,0x72,0xFF,0x0E,0x00,
    0x72,0xFF,0x0E,0x00,0x72,0xFF,0x0E,0x00,0x72,0xFF,0x0E,0x00,0x72,0xFF,0x0E,0x00,
    0x72,0xFF,0x0E,0x00,0x72,0xFF,0x07,0x00,0x07,0x00,0x72,0xFF,0x0E,0x00,0x72,0xFF,
    0x0E,0x00,0x72,0xFF,0x0E,0x00,0x72,0xFF,0x0E,0x00,0x72,0xFF,0x0E,0x00,0x72,0xFF,
    0x0E,0x00,0x72,0xFF,0x0E,0x00,0x72,0xFF,0x07,0x00,0x07,0x00,0x72,0xFF,0x0E,0x00,
    0x72,0xFF,0x0E,0x00,0x72,0xFF,0x0E,0x00,0x72,0xFF,0x0E,0x00,0x72,0xFF,0x0E,0x00,
    0x72,0xFF,0x0E,0x00,0x72,0xFF,0x0E,0x00,0x72,0xFF,0x07,0x00,0x07,0x00,0x72,0xFF,
    0x0E,0x00,0x72,0xFF,0x0E,0x00,0x72,0xFF,0x0E,0x00,0x72,0xFF,0x0E,0x00,0x72,0xFF,
    0x0E,0x00,0x72,0xFF,0x0E,0x00,0x72,0xFF,0x0E,0x00,0x72,0xFF,0x07,0x00,0x07,0x00,
    0x72,0xFF,0x0E,0x00,0x72,0xFF,0x0E,0x00,0x72,0xFF,0x0E,0x00,0x72,0xFF,0x0E,0x00,
    0x72,0xFF,0x0E,0x00,0x72,0xFF,0x0E,0x00,0x72,0xFF,0x0E,0x00,0x72,0xFF,0x07,0x00,
    0x07,0x00,0x72,0xFF,0x0E,0x00,0x72,0xFF,0x0E,0x00,0x72,0xFF,0x0E,0x00,0x72,0xFF,
    0x0E,0x00,0x72,0xFF,0x0E,0x00,0x72,0xFF,0x0E,0x00,0x72,0xFF,0x0E,0x00,0x72,0xFF,
    0x07,0x00,0x07,0x00,0x10,0xFF,0x01,0xFE,0x02,0xFC,0x01,0xF8,0x03,0xF0,0x07,0xE0,
    0x05,0xF8,0x07,0xFC,0x03,0xF8,0x03,0xF0,0x01,0xE0,0x03,0xF0,0x01,0xC0,0x01,0xE0,
    0x01,0xC0,0x05,0xE0,0x06,0xC0,0x05,0xE0,0x04,0xF0,0x03,0xF8,0x01,0xFD,0x23,0xFF,
    0x0E,0x00,0x72,0xFF,0x0E,0x00,0x72,0xFF,0x0E,0x00,0x72,0xFF,0x0E,0x00,0x72,0xFF,
    0x0E,0x00,0x72,0xFF,0x0E,0x00,0x72,0xFF,0x0E,0x00,0x72,0xFF,0x07,0x00,0x07,0x00,
    0x05,0xFF,0x01,0xFC,0x01,0xF0,0x02,0xF8,0x05,0xF0,0x02,0xE0,0x12,0x00,0x01,0x80,
    0x05,0x00,0x02,0x40,0x07,0x00,0x01,0x40,0x01,0xC0,0x23,0x00,0x01,0x01,0x01,0x05,
    0x07,0x07,0x01,0x8F,0x01,0x88,0x01,0xC0,0x04,0x00,0x01,0x02,0x03,0x00,0x01,0x80,
    0x05,0x00,0x01,0x41,0x01,0x45,0x0E,0x00,0x0B,0xFF,0x01,0xDF,0x01,0xFF,0x01,0xEF,
    0x01,0xCF,0x01,0xC7,0x01,0x87,0x02,0x02,0x02,0x00,0x01,0x20,0x0B,0x00,0x01,0x09,
    0x01,0x01,0x01,0x23,0x01,0x03,0x02,0x00,0x01,0x01,0x01,0x02,0x03,0x0E,0x04,0x3F,
    0x04,0xFF,0x01,0xFE,0x02,0xFC,0x05,0xFE,0x02,0xFC,0x01,0xF8,0x01,0xF0,0x01,0x80,
    0x01,0x30,0x03,0xF0,0x01,0x20,0x02,0x00,0x01,0x98,0x01,0x80,0x01,0xC0,0x02,0xF0,
    0x04,0xF8,0x02,0xFC,0x05,0xFE,0x01,0xF0,0x03,0xF8,0x01,0xFE,0x05,0xFF,0x01,0xC0,
    0x06,0x00,0x01,0x3E,0x01,0xFD,0x02,0x00,0x01,0xFC,0x12,0x00,0x14,0xFF,0x03,0xFE,
    0x05,0xFC,0x03,0xF8,0x06,0xFE,0x02,0xFC,0x01,0xF0,0x04,0xF8,0x02,0xFC,0x01,0xFE,
    0x33,0xFF,0x01,0x37,0x07,0x00,0x01,0x7F,0x01,0x78,0x01,0x00,0x01,0x7F,0x01,0x40,
    0x01,0x46,0x02,0x40,0x0E,0x00,0x63,0xFF,0x01,0xF8,0x01,0xF0,0x08,0x00,0x05,0x80,
    0x0E,0x00,0x65,0xFF,0x01,0xF8,0x01,0xE0,0x02,0xC0,0x02,0xE0,0x02,0xC0,0x01,0xE0,
    0x02,0xF0,0x01,0xF8,0x01,0xFC,0x0E,0x00,0x2D,0xFF,0x04,0x7F,0x41,0xFF,0x0E,0x00,
    0x2E,0xFF,0x03,0xFE,0x41,0xFF,0x0E,0x00,0x15,0xFF,0x01,0xBF,0x02,0x3F,0x05,0x7F,
    0x55,0xFF,0x07,0x00,0x07,0x00,0x05,0xFF,0x01,0xF4,0x01,0xF0,0x02,0xF8,0x05,0xF0,
    0x02,0xE0,0x12,0x00,0x01,0x80,0x05,0x00,0x02,0x40,0x07,0x00,0x01,0x40,0x01,0xC0,
    0x23,0x00,0x01,0x01,0x01,0x05,0x07,0x07,0x01,0x8F,0x01,0x8C,0x01,0xCC,0x04,0x00,
    0x01,0x03,0x03,0x00,0x01,0x80,0x06,0x00,0x01,0x26,0x0E,0x00,0x0B,0xFF,0x01,0xDF,
    0x01,0xFF,0x01,0xEF,0x01,0xCF,0x02,0x87,0x02,0x02,0x02,0x00,0x01,0x20,0x0B,0x00,
    0x01,0x09,0x01,0x01,0x01,0x23,0x01,0x03,0x02,0x00,0x01,0x01,0x01,0x02,0x03,0x0E,
    0x04,0x3F,0x04,0xFF,0x01,0xFE,0x02,0xFC,0x05,0xFE,0x02,0xFC,0x01,0xF8,0x01,0xF0,
    0x01,0x80,0x01,0xB0,0x01,0xD0,0x02,0xF0,0x01,0x20,0x01,0x00,0x01,0x80,0x01,0x98,
    0x02,0xC0,0x02,0xF0,0x04,0xF8,0x02,0xFC,0x03,0xFE,0x01,0xFF,0x01,0xFE,0x04,0xF8,
    0x01,0xFE,0x05,0xFF,0x01,0xEE,0x07,0x00,0x01,0xFE,0x01,0xF8,0x01,0x00,0x01,0xFE,
    0x01,0xE0,0x01,0xC0,0x10,0x00,0x14,0xFF,0x03,0xFE,0x05,0xFC,0x01,0xF8,0x02,0xFC,
    0x06,0xFE,0x02,0xFC,0x05,0xF8,0x02,0xFC,0x01,0xFE,0x34,0xFF,0x07,0x00,0x01,0x27,
    0x01,0x7F,0x01,0x18,0x01,0x47,0x01,0x7F,0x01,0x43,0x02,0x40,0x0E,0x00,0x63,0xFF,
    0x02,0xF8,0x01,0xC0,0x07,0x00,0x05,0x80,0x0E,0x00,0x65,0xFF,0x01,0xFC,0x01,0xC0,
    0x01,0xE0,0x01,0xC0,0x01,0x80,0x04,0xE0,0x02,0xF0,0x01,0xF8,0x01,0xFC,0x0E,0x00,
    0x2D,0xFF,0x03,0x7F,0x42,0xFF,0x0E,0x00,0x2D,0xFF,0x04,0xFE,0x41,0xFF,0x0E,0x00,
    0x14,0xFF,0x01,0x7F,0x5D,0xFF,0x07,0x00,0x07,0x00,0x05,0xFF,0x01,0xF4,0x01,0xF0,
    0x02,0xF8,0x05,0xF0,0x02,0xE0,0x12,0x00,0x01,0x80,0x05,0x00,0x02,0x40,0x07,0x00,
    0x01,0x40,0x01,0xC0,0x23,0x00,0x01,0x01,0x08,0x07,0x02,0x8F,0x01,0x8C,0x01,0x20,
    0x04,0x00,0x01,0x01,0x03,0x00,0x01,0xC0,0x14,0x00,0x0B,0xFF,0x01,0xDF,0x01,0xFF,
    0x01,0xEF,0x01,0xCF,0x02,0x87,0x02,0x02,0x02,0x00,0x01,0x20,0x0B,0x00,0x01,0x09,
    0x01,0x01,0x01,0x23,0x01,0x03,0x02,0x00,0x01,0x01,0x01,0x02,0x03,0x0E,0x04,0x3F,
    0x04,0xFF,0x01,0xFE,0x02,0xFC,0x05,0xFE,0x02,0xFC,0x01,0xF8,0x01,0xF0,0x01,0x80,
    0x01,0x10,0x01,0xD8,0x01,0xF8,0x01,0xF0,0x01,0x30,0x01,0x00,0x01,0x80,0x01,0x98,
    0x01,0xC0,0x01,0xE0,0x02,0xF0,0x04,0xF8,0x02,0xFC,0x03,0xFE,0x01,0xFF,0x01,0xFE,
    0x04,0xF8,0x01,0xFE,0x06,0xFF,0x01,0xC0,0x06,0x00,0x01,0x02,0x01,0xFE,0x01,0xC0,
    0x01,0x00,0x01,0xFE,0x01,0x00,0x01,0xC0,0x0F,0x00,0x14,0xFF,0x03,0xFE,0x05,0xFC,
    0x01,0xF8,0x02,0xFC,0x06,0xFE,0x02,0xFC,0x05,0xF8,0x02,0xFC,0x01,0xFE,0x34,0xFF,
    0x01,0x03,0x07,0x00,0x01,0x37,0x01,0x7F,0x01,0x08,0x01,0x7F,0x01,0x79,0x01,0x67,
    0x01,0x40,0x0E,0x00,0x64,0xFF,0x01,0xF8,0x01,0xF0,0x08,0x00,0x04,0x80,0x0E,0x00,
    0x66,0xFF,0x03,0xC0,0x01,0x80,0x01,0xA0,0x01,0xE0,0x01,0xC0,0x01,0xE0,0x02,0xF0,
    0x01,0xF8,0x01,0xFC,0x0E,0x00,0x2D,0xFF,0x02,0x7F,0x43,0xFF,0x0E,0x00,0x2D,0xFF,
    0x03,0xFE,0x42,0xFF,0x0E,0x00,0x72,0xFF,0x07,0x00,0x07,0x00,0x05,0xFF,0x02,0xF0,
    0x02,0xF8,0x05,0xF0,0x02,0xE0,0x12,0x00,0x01,0x80,0x05,0x00,0x02,0x40,0x07,0x00,
    0x01,0x40,0x01,0xC0,0x23,0x00,0x01,0x01,0x08,0x07,0x02,0x8F,0x01,0x8E,0x01,0xA0,
    0x04,0x00,0x01,0x01,0x03,0x00,0x01,0xC0,0x01,0x40,0x13,0x00,0x0B,0xFF,0x01,0xDF,
    0x01,0xFF,0x01,0xEF,0x01,0xCF,0x02,0x87,0x02,0x02,0x02,0x00,0x01,0x20,0x0B,0x00,
    0x01,0x09,0x01,0x01,0x02,0x03,0x02,0x00,0x01,0x01,0x01,0x02,0x03,0x0E,0x04,0x3F,
    0x04,0xFF,0x01,0xFE,0x02,0xFC,0x05,0xFE,0x02,0xFC,0x01,0xF8,0x01,0xF0,0x01,0x80,
    0x01,0x10,0x01,0xD8,0x01,0xF8,0x01,0xF0,0x01,0x30,0x01,0x00,0x01,0x80,0x01,0x98,
    0x01,0xC0,0x01,0xE0,0x02,0xF0,0x04,0xF8,0x02,0xFC,0x03,0xFE,0x02,0xFF,0x04,0xF8,
    0x01,0xFE,0x06,0xFF,0x01,0xE7,0x07,0x00,0x01,0xFF,0x01,0xFE,0x01,0x00,0x01,0x3E,
    0x01,0xFE,0x10,0x00,0x14,0xFF,0x03,0xFE,0x05,0xFC,0x01,0xF8,0x02,0xFC,0x06,0xFE,
    0x02,0xFC,0x05,0xF8,0x02,0xFC,0x01,0xFE,0x34,0xFF,0x01,0xBF,0x07,0x00,0x01,0x03,
    0x01,0x3F,0x01,0x0C,0x01,0x00,0x01,0x7F,0x01,0x40,0x01,0x60,0x0E,0x00,0x64,0xFF,
    0x01,0xFC,0x01,0xF0,0x01,0x80,0x08,0x00,0x03,0x80,0x0E,0x00,0x66,0xFF,0x01,0xFC,
    0x01,0xC0,0x03,0x80,0x03,0xE0,0x02,0xF0,0x01,0xF8,0x01,0xFC,0x0E,0x00,0x72,0xFF,
    0x0E,0x00,0x2D,0xFF,0x03,0xFC,0x42,0xFF,0x0E,0x00,0x72,0xFF,0x07,0x00,0x07,0x00,
    0x05,0xFF,0x02,0xF0,0x02,0xF8,0x05,0xF0,0x02,0xE0,0x12,0x00,0x01,0x80,0x05,0x00,
    0x02,0x40,0x07,0x00,0x01,0x40,0x01,0xC0,0x23,0x00,0x01,0x01,0x07,0x07,0x01,0x0F,
    0x03,0x8F,0x01,0x8E,0x01,0x80,0x08,0x00,0x01,0x40,0x13,0x00,0x0B,0xFF,0x01,0xDF,
    0x01,0xFF,0x02,0xEF,0x02,0x87,0x02,0x02,0x02,0x00,0x01,0x20,0x0B,0x00,0x02,0x09,
    0x02,0x03,0x02,0x00,0x01,0x01,0x01,0x02,0x03,0x0E,0x04,0x3F,0x04,0xFF,0x01,0xFE,
    0x02,0xFC,0x05,0xFE,0x02,0xFC,0x01,0xF8,0x01,0xF0,0x01,0x80,0x01,0x90,0x01,0xD8,
    0x02,0xF8,0x01,0xB0,0x01,0x00,0x01,0x80,0x01,0x98,0x01,0xC0,0x01,0xE0,0x02,0xF0,
    0x04,0xF8,0x02,0xFC,0x03,0xFE,0x02,0xFF,0x04,0xF8,0x01,0xFE,0x07,0xFF,0x08,0x00,
    0x01,0xFF,0x01,0xF0,0x01,0x00,0x01,0xFF,0x02,0xE0,0x0E,0x00,0x14,0xFF,0x04,0xFE,
    0x04,0xFC,0x01,0xF8,0x02,0xFC,0x06,0xFE,0x02,0xFC,0x05,0xF8,0x02,0xFC,0x01,0xFE,
    0x35,0xFF,0x08,0x00,0x01,0x37,0x01,0x3F,0x01,0x0C,0x01,0x03,0x01,0x3F,0x01,0x21,
    0x0E,0x00,0x64,0xFF,0x01,0xFE,0x01,0xF8,0x01,0xE0,0x09,0x00,0x01,0x80,0x01,0xC0,
    0x0E,0x00,0x66,0xFF,0x01,0xFD,0x01,0xC0,0x01,0x80,0x03,0x00,0x01,0xE0,0x01,0xC0,
    0x01,0xE0,0x01,0xF0,0x02,0xF8,0x0E,0x00,0x72,0xFF,0x0E,0x00,0x2C,0xFF,0x03,0xFC,
    0x01,0xFD,0x42,0xFF,0x0E,0x00,0x72,0xFF,0x07,0x00,0x07,0x00,0x04,0xFF,0x01,0xF6,
    0x02,0xF0,0x02,0xF8,0x05,0xF0,0x02,0xE0,0x12,0x00,0x01,0x80,0x05,0x00,0x02,0x40,
    0x07,0x00,0x01,0x40,0x01,0xC0,0x23,0x00,0x01,0x01,0x07,0x07,0x01,0x0F,0x03,0x8F,
    0x01,0x8E,0x01,0x90,0x08,0x00,0x01,0xA0,0x01,0x60,0x12,0x00,0x0A,0xFF,0x03,0xDF,
    0x02,0xEF,0x02,0x87,0x02,0x02,0x02,0x00,0x01,0x20,0x0B,0x00,0x02,0x09,0x02,0x03,
    0x02,0x00,0x01,0x01,0x01,0x02,0x03,0x0E,0x04,0x3F,0x04,0xFF,0x01,0xFE,0x02,0xFC,
    0x05,0xFE,0x02,0xFC,0x01,0xF8,0x01,0xF0,0x02,0x80,0x01,0xD8,0x02,0xF8,0x01,0xB0,
    0x01,0x00,0x01,0x80,0x01,0x98,0x01,0xC0,0x01,0xE0,0x02,0xF0,0x04,0xF8,0x02,0xFC,
    0x03,0xFE,0x02,0xFF,0x04,0xF8,0x01,0xFE,0x07,0xFF,0x01,0xF3,0x07,0x00,0x01,0x3F,
    0x01,0xFF,0x02,0x00,0x01,0xFF,0x0F,0x00,0x14,0xFF,0x04,0xFE,0x03,0xFC,0x02,0xF8,
    0x01,0xFC,0x01,0xDC,0x06,0xFE,0x02,0xFC,0x05,0xF8,0x02,0xFC,0x01,0xFE,0x35,0xFF,
    0x01,0x9F,0x08,0x00,0x01,0x3F,0x01,0x3C,0x01,0x00,0x01,0x3F,0x01,0x30,0x0E,0x00,
    0x65,0xFF,0x01,0xFC,0x01,0xF0,0x0A,0x00,0x01,0xC0,0x0E,0x00,0x67,0xFF,0x01,0xC0,
    0x01,0x80,0x03,0x00,0x01,0x20,0x01,0xE0,0x02,0xC0,0x02,0xF0,0x0E,0x00,0x69,0xFF,
    0x01,0xFE,0x03,0xFC,0x05,0xFF,0x0E,0x00,0x2C,0xFF,0x02,0xFC,0x01,0xFD,0x43,0xFF,
    0x0E,0x00,0x72,0xFF,0x07,0x00,0x07,0x00,0x04,0xFF,0x01,0xF6,0x02,0xF0,0x02,0xF8,
    0x05,0xF0,0x02,0xE0,0x12,0x00,0x01,0x80,0x05,0x00,0x02,0x40,0x07,0x00,0x01,0x40,
    0x01,0xC0,0x23,0x00,0x01,0x01,0x07,0x07,0x01,0x0F,0x05,0x8F,0x01,0x80,0x08,0x00,
    0x01,0xF0,0x01,0x20,0x02,0x00,0x01,0x80,0x0E,0x00,0x02,0xFF,0x01,0x7F,0x07,0xFF,
    0x03,0xDF,0x02,0xEF,0x02,0x87,0x02,0x02,0x0E,0x00,0x02,0x09,0x02,0x03,0x02,0x00,
    0x01,0x01,0x01,0x02,0x03,0x0E,0x04,0x3F,0x04,0xFF,0x01,0xFE,0x02,0xFC,0x03,0xFE,
    0x01,0xFF,0x01,0xFE,0x02,0xFC,0x01,0xF8,0x01,0xF0,0x02,0x80,0x01,0xC8,0x02,0xF8,
    0x01,0xB0,0x01,0x08,0x01,0x80,0x01,0x98,0x01,0xC0,0x01,0xE0,0x02,0xF0,0x04,0xF8,
    0x02,0xFC,0x03,0xFE,0x02,0xFF,0x04,0xF8,0x01,0xFE,0x08,0xFF,0x08,0x00,0x02,0xFF,
    0x01,0x00,0x01,0x03,0x01,0xFF,0x0E,0x00,0x14,0xFF,0x04,0xFE,0x03,0xFC,0x02,0xF8,
    0x01,0xFC,0x01,0xDC,0x07,0xFE,0x06,0xF8,0x02,0xFC,0x01,0xFE,0x36,0xFF,0x08,0x00,
    0x01,0x01,0x01,0x3F,0x01,0x06,0x01,0x00,0x01,0x3F,0x0E,0x00,0x66,0xFF,0x01,0xFC,
    0x01,0xF0,0x09,0x00,0x01,0x40,0x0E,0x00,0x67,0xFF,0x01,0xF0,0x01,0x80,0x04,0x00,
    0x01,0x20,0x01,0xE0,0x01,0x80,0x01,0x00,0x01,0xC0,0x0E,0x00,0x69,0xFF,0x01,0xFC,
    0x04,0xF8,0x02,0xFF,0x01,0xFC,0x01,0xFF,0x0E,0x00,0x2B,0xFF,0x03,0xF9,0x01,0xFB,
    0x43,0xFF,0x0E,0x00,0x72,0xFF,0x07,0x00,0x07,0x00,0x04,0xFF,0x01,0xF6,0x02,0xF0,
    0x02,0xF8,0x05,0xF0,0x02,0xE0,0x12,0x00,0x01,0x80,0x05,0x00,0x02,0x40,0x07,0x00,
    0x01,0x40,0x01,0xC0,0x23,0x00,0x01,0x01,0x07,0x07,0x01,0x0F,0x04,0x8F,0x01,0xC7,
    0x01,0xC8,0x08,0x00,0x01,0x80,0x01,0xB0,0x02,0x00,0x01,0x80,0x0E,0x00,0x0B,0xFF,
    0x02,0xDF,0x01,0xEF,0x01,0xCF,0x02,0x87,0x02,0x02,0x0E,0x00,0x01,0x08,0x01,0x09,
    0x02,0x03,0x02,0x00,0x01,0x01,0x01,0x02,0x03,0x0E,0x04,0x3F,0x04,0xFF,0x01,0xFE,
    0x02,0xFC,0x05,0xFE,0x02,0xFC,0x01,0xF8,0x01,0xF0,0x02,0x80,0x01,0xC8,0x02,0xF8,
    0x01,0xB0,0x01,0x08,0x01,0x80,0x01,0x98,0x01,0xC0,0x01,0xE0,0x02,0xF0,0x04,0xF8,
    0x02,0xFC,0x03,0xFE,0x02,0xFF,0x04,0xF8,0x01,0xFE,0x08,0xFF,0x01,0xF0,0x08,0x00,
    0x01,0xFF,0x01,0xF0,0x01,0x00,0x01,0x7F,0x0E,0x00,0x14,0xFF,0x04,0xFE,0x03,0xFC,
    0x02,0xF8,0x01,0xFC,0x01,0xDC,0x07,0xFE,0x06,0xF8,0x02,0xFC,0x01,0xFE,0x36,0xFF,
    0x01,0x87,0x08,0x00,0x01,0x1B,0x01,0x1F,0x01,0x04,0x0F,0x00,0x66,0xFF,0x01,0xFC,
    0x01,0xF0,0x01,0x40,0x17,0x00,0x67,0xFF,0x01,0xF9,0x01,0xFC,0x05,0x00,0x01,0xE0,
    0x01,0xC0,0x10,0x00,0x69,0xFF,0x01,0xFC,0x01,0xF8,0x01,0xF0,0x02,0xE0,0x01,0xEF,
    0x01,0xFF,0x01,0xFC,0x01,0xFE,0x0E,0x00,0x2B,0xFF,0x02,0xF9,0x01,0xF1,0x01,0xFB,
    0x43,0xFF,0x0E,0x00,0x72,0xFF,0x07,0x00,0x07,0x00,0x04,0xFF,0x03,0xF0,0x02,0xF8,
    0x05,0xF0,0x02,0xE0,0x12,0x00,0x01,0x80,0x05,0x00,0x02,0x40,0x07,0x00,0x01,0x40,
    0x01,0xC0,0x23,0x00,0x01,0x01,0x07,0x07,0x01,0x0F,0x04,0x8F,0x02,0xE7,0x01,0xC0,
    0x08,0x00,0x01,0xC0,0x01,0xD0,0x10,0x00,0x0A,0xFF,0x03,0xDF,0x01,0xEF,0x01,0xCF,
    0x02,0x87,0x02,0x02,0x0E,0x00,0x01,0x08,0x01,0x09,0x02,0x03,0x02,0x00,0x01,0x01,
    0x01,0x02,0x03,0x0E,0x04,0x3F,0x04,0xFF,0x01,0xFE,0x02,0xFC,0x05,0xFE,0x02,0xFC,
    0x01,0xF8,0x01,0xF0,0x02,0x80,0x01,0xC8,0x01,0x7C,0x01,0xFC,0x01,0xF8,0x01,0x88,
    0x01,0x80,0x01,0x98,0x01,0xC0,0x01,0xE0,0x02,0xF0,0x04,0xF8,0x02,0xFC,0x03,0xFE,
    0x02,0xFF,0x01,0xFB,0x03,0xF8,0x01,0xFE,0x09,0xFF,0x08,0x00,0x01,0x03,0x01,0xFF,
    0x01,0xC0,0x0F,0x00,0x14,0xFF,0x03,0xFE,0x04,0xFC,0x02,0xF8,0x01,0xFC,0x01,0xDC,
    0x07,0xFE,0x06,0xF8,0x02,0xFC,0x01,0xFE,0x37,0xFF,0x09,0x00,0x01,0x1D,0x01,0x1F,
    0x01,0x02,0x0E,0x00,0x66,0xFF,0x01,0xFE,0x01,0xF4,0x01,0xF0,0x17,0x00,0x67,0xFF,
    0x01,0xFB,0x01,0xFC,0x01,0xC0,0x05,0x00,0x01,0xE0,0x01,0xC0,0x0F,0x00,0x6A,0xFF,
    0x01,0xFC,0x02,0xE0,0x02,0xC0,0x01,0xCF,0x01,0xEF,0x01,0xF8,0x0E,0x00,0x2A,0xFF,
    0x03,0xF3,0x01,0xF7,0x44,0xFF,0x0E,0x00,0x72,0xFF,0x07,0x00,0x07,0x00,0x04,0xFF,
    0x03,0xF0,0x02,0xF8,0x05,0xF0,0x02,0xE0,0x12,0x00,0x01,0x80,0x05,0x00,0x02,0x40,
    0x07,0x00,0x01,0x40,0x01,0xC0,0x23,0x00,0x01,0x01,0x07,0x07,0x01,0x0F,0x04,0x8F,
    0x01,0xEF,0x01,0xE7,0x01,0xEC,0x09,0x00,0x01,0xF8,0x01,0x80,0x0F,0x00,0x09,0xFF,
    0x01,0xEF,0x03,0xDF,0x01,0xEF,0x01,0xCF,0x02,0x87,0x02,0x02,0x0E,0x00,0x01,0x08,
    0x01,0x09,0x02,0x03,0x02,0x00,0x01,0x01,0x01,0x02,0x03,0x0E,0x04,0x3F,0x04,0xFF,
    0x01,0xFE,0x02,0xFC,0x05,0xFE,0x02,0xFC,0x01,0xF8,0x01,0xF0,0x02,0x80,0x01,0xCC,
    0x01,0x7C,0x01,0xFC,0x01,0xF8,0x01,0x88,0x01,0x80,0x01,0x98,0x01,0xC0,0x01,0xE0,
    0x02,0xF0,0x04,0xF8,0x02,0xFC,0x03,0xFE,0x03,0xFF,0x03,0xF8,0x01,0xFE,0x09,0xFF,
    0x01,0xF8,0x08,0x00,0x02,0xFF,0x0F,0x00,0x14,0xFF,0x03,0xFE,0x04,0xFC,0x02,0xF8,
    0x01,0xFC,0x01,0xDC,0x07,0xFE,0x06,0xF8,0x02,0xFC,0x01,0xFE,0x37,0xFF,0x01,0x83,
    0x09,0x00,0x01,0x1F,0x01,0x06,0x0E,0x00,0x67,0xFF,0x02,0xF4,0x01,0x40,0x16,0x00,
    0x69,0xFF,0x01,0xF4,0x05,0x00,0x01,0x20,0x01,0xC0,0x0F,0x00,0x6A,0xFF,0x01,0xFC,
    0x01,0xF0,0x01,0xE0,0x03,0xC0,0x01,0xCF,0x01,0xEF,0x0E,0x00,0x2A,0xFF,0x03,0xE3,
    0x01,0xE7,0x44,0xFF,0x0E,0x00,0x72,0xFF,0x07,0x00,0x07,0x00,0x03,0xFF,0x01,0xF3,
    0x03,0xF0,0x02,0xF8,0x05,0xF0,0x02,0xE0,0x12,0x00,0x01,0x80,0x05,0x00,0x02,0x40,
    0x07,0x00,0x01,0x40,0x01,0xC0,0x23,0x00,0x01,0x01,0x07,0x07,0x01,0x0F,0x02,0x8F,
    0x02,0xCF,0x01,0xEF,0x01,0xE7,0x01,0xE3,0x01,0xE0,0x09,0x00,0x01,0xE8,0x0F,0x00,
    0x0A,0xFF,0x03,0xDF,0x01,0xEF,0x01,0xCF,0x02,0x87,0x02,0x02,0x0E,0x00,0x01,0x08,
    0x01,0x09,0x02,0x03,0x02,0x00,0x01,0x01,0x01,0x02,0x03,0x0E,0x04,0x3F,0x04,0xFF,
    0x01,0xFE,0x02,0xFC,0x05,0xFE,0x02,0xFC,0x01,0xF8,0x01,0xF0,0x02,0x80,0x01,0x8C,
    0x01,0x7C,0x01,0xFC,0x01,0xF8,0x01,0x88,0x01,0x80,0x01,0x98,0x01,0xD0,0x01,0xE0,
    0x02,0xF0,0x04,0xF8,0x02,0xFC,0x02,0xFE,0x04,0xFF,0x03,0xF8,0x01,0xFE,0x0A,0xFF,
    0x09,0x00,0x02,0xFF,0x0E,0x00,0x14,0xFF,0x03,0xFE,0x04,0xFC,0x02,0xF8,0x02,0xFC,
    0x07,0xFE,0x06,0xF8,0x02,0xFC,0x01,0xFE,0x38,0xFF,0x0A,0x00,0x01,0x1F,0x0E,0x00,
    0x67,0xFF,0x01,0xF6,0x01,0xF4,0x01,0xF8,0x16,0x00,0x69,0xFF,0x01,0xFE,0x01,0xF0,
    0x05,0x00,0x01,0x20,0x01,0xC0,0x0E,0x00,0x6B,0xFF,0x01,0xFC,0x01,0xF0,0x01,0xE0,
    0x02,0xC0,0x01,0x80,0x01,0xCF,0x0E,0x00,0x29,0xFF,0x01,0xF7,0x02,0xC7,0x01,0xE7,
    0x45,0xFF,0x0E,0x00,0x72,0xFF,0x07,0x00,0x07,0x00,0x03,0xFF,0x01,0xF3,0x03,0xF0,
    0x02,0xF8,0x05,0xF0,0x02,0xE0,0x12,0x00,0x01,0x80,0x05,0x00,0x02,0x40,0x07,0x00,
    0x01,0x40,0x01,0xC0,0x23,0x00,0x01,0x01,0x07,0x07,0x01,0x0F,0x02,0x8F,0x02,0xCF,
    0x01,0xEF,0x01,0xE7,0x01,0xF3,0x01,0xE6,0x09,0x00,0x01,0xE0,0x01,0xEC,0x0E,0x00,
    0x0A,0xFF,0x03,0xDF,0x01,0xEF,0x01,0xCF,0x02,0x87,0x02,0x02,0x0E,0x00,0x01,0x08,
    0x01,0x09,0x02,0x03,0x02,0x00,0x01,0x01,0x01,0x02,0x03,0x0E,0x04,0x3F,0x04,0xFF,
    0x01,0xFE,0x02,0xFC,0x05,0xFE,0x02,0xFC,0x01,0xF8,0x01,0xF0,0x02,0x80,0x01,0x8C,
    0x02,0xFC,0x01,0xF8,0x01,0x8C,0x01,0x80,0x01,0x98,0x01,0xD0,0x01,0xE0,0x02,0xF0,
    0x04,0xF8,0x02,0xFC,0x02,0xFE,0x04,0xFF,0x03,0xF8,0x01,0xFE,0x0A,0xFF,0x01,0xFC,
    0x09,0x00,0x01,0xFF,0x0E,0x00,0x14,0xFF,0x03,0xFE,0x04,0xFC,0x02,0xF8,0x01,0xFC,
    0x08,0xFE,0x06,0xF8,0x02,0xFC,0x01,0xFE,0x38,0xFF,0x01,0xC3,0x09,0x00,0x01,0x0C,
    0x0E,0x00,0x67,0xFF,0x01,0xF7,0x01,0xF4,0x01,0xFC,0x16,0x00,0x68,0xFF,0x01,0xFB,
    0x01,0xFF,0x01,0xFC,0x06,0x00,0x01,0xE0,0x0E,0x00,0x6B,0xFF,0x02,0xFC,0x01,0xF0,
    0x01,0xE0,0x01,0xC0,0x01,0x80,0x01,0x81,0x0E,0x00,0x29,0xFF,0x02,0xC7,0x01,0xCF,
    0x01,0xEF,0x45,0xFF,0x0E,0x00,0x72,0xFF,0x07,0x00,0x07,0x00,0x03,0xFF,0x01,0xF2,
    0x03,0xF0,0x02,0xF8,0x05,0xF0,0x02,0xE0,0x12,0x00,0x01,0x80,0x05,0x00,0x02,0x40,
    0x07,0x00,0x01,0x40,0x01,0xC0,0x23,0x00,0x01,0x01,0x01,0x0F,0x06,0x07,0x01,0x0F,
    0x02,0x8F,0x01,0xCF,0x02,0xEF,0x01,0xE7,0x02,0xF3,0x01,0xE0,0x09,0x00,0x01,0xF0,
    0x0E,0x00,0x0A,0xFF,0x03,0xDF,0x01,0xEF,0x01,0xCF,0x02,0x87,0x02,0x02,0x0E,0x00,
    0x01,0x08,0x01,0x09,0x02,0x03,0x02,0x00,0x01,0x01,0x01,0x02,0x03,0x0E,0x04,0x3F,
    0x04,0xFF,0x01,0xFE,0x02,0xFC,0x05,0xFE,0x02,0xFC,0x01,0xF8,0x01,0xF0,0x02,0x80,
    0x01,0x84,0x03,0xFC,0x01,0x8C,0x01,0x80,0x01,0x98,0x01,0xD0,0x01,0xE0,0x02,0xF0,
    0x04,0xF8,0x02,0xFC,0x02,0xFE,0x04,0xFF,0x03,0xF8,0x01,0xFE,0x0B,0xFF,0x01,0x0C,
    0x17,0x00,0x14,0xFF,0x03,0xFE,0x04,0xFC,0x02,0xF8,0x01,0xFC,0x08,0xFE,0x06,0xF8,
    0x02,0xFC,0x01,0xFE,0x39,0xFF,0x18,0x00,0x67,0xFF,0x01,0xF7,0x01,0xF6,0x02,0xFC,
    0x15,0x00,0x68,0xFF,0x01,0xF9,0x02,0xFF,0x01,0xF8,0x14,0x00,0x6C,0xFF,0x02,0xF8,
    0x01,0xF0,0x02,0xC0,0x01,0x80,0x0E,0x00,0x28,0xFF,0x03,0x8F,0x01,0xCF,0x01,0xEF,
    0x45,0xFF,0x0E,0x00,0x72,0xFF,0x07,0x00,0x07,0x00,0x03,0xFF,0x01,0xF2,0x03,0xF0,
    0x02,0xF8,0x05,0xF0,0x02,0xE0,0x12,0x00,0x01,0x80,0x05,0x00,0x02,0x40,0x07,0x00,
    0x01,0x40,0x01,0xC0,0x23,0x00,0x01,0x01,0x01,0x0F,0x06,0x07,0x01,0x0F,0x02,0x8F,
    0x01,0xCF,0x02,0xEF,0x01,0xE7,0x01,0xF3,0x01,0xF7,0x01,0xE3,0x01,0xC0,0x17,0x00,
    0x0A,0xFF,0x03,0xDF,0x01,0xEF,0x01,0xCF,0x02,0x87,0x02,0x02,0x0E,0x00,0x01,0x08,
    0x01,0x09,0x02,0x03,0x02,0x00,0x01,0x01,0x01,0x02,0x03,0x0E,0x04,0x3F,0x04,0xFF,
    0x01,0xFE,0x02,0xFC,0x05,0xFE,0x02,0xFC,0x01,0xF8,0x01,0xF0,0x01,0x80,0x01,0xC0,
    0x01,0x84,0x03,0xFC,0x01,0x8C,0x01,0x80,0x01,0x98,0x01,0xD0,0x01,0xE0,0x02,0xF0,
    0x04,0xF8,0x02,0xFC,0x02,0xFE,0x04,0xFF,0x01,0xFC,0x02,0xF8,0x01,0xFE,0x0B,0xFF,
    0x01,0xFE,0x17,0x00,0x14,0xFF,0x03,0xFE,0x04,0xFC,0x02,0xF8,0x01,0xFC,0x02,0xFE,
    0x02,0xFF,0x04,0xFE,0x06,0xF8,0x02,0xFC,0x01,0xFE,0x39,0xFF,0x01,0xC7,0x17,0x00,
    0x67,0xFF,0x02,0xF7,0x01,0xFE,0x01,0xFC,0x01,0x78,0x14,0x00,0x68,0xFF,0x01,0xF9,
    0x02,0xFF,0x01,0xFE,0x14,0x00,0x6C,0xFF,0x01,0xFD,0x02,0xF8,0x01,0xE0,0x02,0xC0,
    0x0E,0x00,0x28,0xFF,0x02,0x8F,0x01,0x9F,0x01,0xDF,0x46,0xFF,0x0E,0x00,0x72,0xFF,
    0x07,0x00,0x07,0x00,0x03,0xFF,0x04,0xF0,0x02,0xF8,0x05,0xF0,0x02,0xE0,0x12,0x00,
    0x01,0x80,0x05,0x00,0x02,0x40,0x07,0x00,0x01,0x40,0x01,0xC0,0x22,0x00,0x02,0x01,
    0x01,0x0F,0x06,0x07,0x01,0x0F,0x02,0x8F,0x01,0xCF,0x02,0xEF,0x01,0xE7,0x01,0xF3,
    0x01,0xF7,0x01,0xE7,0x01,0xE0,0x17,0x00,0x0A,0xFF,0x03,0xDF,0x01,0xEF,0x01,0xCF,
    0x02,0x87,0x02,0x02,0x0E,0x00,0x01,0x08,0x01,0x09,0x02,0x03,0x02,0x00,0x01,0x01,
    0x01,0x02,0x03,0x0E,0x04,0x3F,0x04,0xFF,0x01,0xFE,0x02,0xFC,0x05,0xFE,0x02,0xFC,
    0x01,0xF8,0x01,0xF0,0x01,0x80,0x01,0xC0,0x01,0x84,0x01,0xB6,0x01,0xFE,0x01,0xFC,
    0x01,0xCC,0x01,0x80,0x01,0x98,0x01,0xD0,0x01,0xE0,0x02,0xF0,0x03,0xF8,0x02,0xFC,
    0x03,0xFE,0x04,0xFF,0x01,0xFC,0x02,0xF8,0x01,0xFE,0x0C,0xFF,0x01,0x3E,0x16,0x00,
    0x14,0xFF,0x03,0xFE,0x04,0xFC,0x02,0xF8,0x01,0xFC,0x01,0xEE,0x04,0xFF,0x03,0xFE,
    0x06,0xF8,0x02,0xFC,0x01,0xFE,0x3A,0xFF,0x01,0x40,0x16,0x00,0x67,0xFF,0x03,0xF7,
    0x02,0xFE,0x14,0x00,0x68,0xFF,0x01,0xFD,0x03,0xFF,0x01,0xF6,0x13,0x00,0x6D,0xFF,
    0x02,0xF8,0x01,0xF0,0x01,0xE0,0x01,0xC0,0x0E,0x00,0x27,0xFF,0x03,0x1F,0x01,0x9F,
    0x01,0xDF,0x46,0xFF,0x0E,0x00,0x72,0xFF,0x07,0x00,0x07,0x00,0x03,0xFF,0x04,0xF0,
    0x02,0xF8,0x05,0xF0,0x02,0xE0,0x12,0x00,0x01,0x80,0x05,0x00,0x02,0x40,0x07,0x00,
    0x01,0x40,0x01,0xC0,0x22,0x00,0x02,0x01,0x01,0x0F,0x06,0x07,0x01,0x0F,0x01,0x8F,
    0x01,0xCF,0x01,0xDF,0x02,0xEF,0x01,0xE7,0x01,0xF3,0x02,0xF7,0x01,0xF3,0x01,0xC0,
    0x16,0x00,0x0A,0xFF,0x03,0xDF,0x01,0xEF,0x01,0xCF,0x02,0x87,0x02,0x02,0x0E,0x00,
    0x01,0x08,0x01,0x09,0x02,0x03,0x02,0x00,0x01,0x01,0x01,0x02,0x03,0x0E,0x04,0x3F,
    0x04,0xFF,0x01,0xFE,0x02,0xFC,0x05,0xFE,0x02,0xFC,0x01,0xF8,0x01,0xF0,0x01,0x80,
    0x01,0xC0,0x01,0x84,0x01,0xB6,0x01,0xBE,0x01,0xFC,0x01,0xCC,0x01,0x80,0x01,0xD8,
    0x01,0xD0,0x01,0xE0,0x02,0xF0,0x03,0xF8,0x02,0xFC,0x03,0xFE,0x04,0xFF,0x01,0xFC,
    0x02,0xF8,0x01,0xFE,0x0D,0xFF,0x16,0x00,0x14,0xFF,0x03,0xFE,0x04,0xFC,0x02,0xF8,
    0x01,0xFC,0x01,0xFE,0x04,0xFF,0x03,0xFE,0x06,0xF8,0x02,0xFC,0x01,0xFE,0x3A,0xFF,
    0x01,0xF7,0x16,0x00,0x68,0xFF,0x02,0xF7,0x02,0xFE,0x01,0x7C,0x13,0x00,0x68,0xFF,
    0x01,0xFD,0x03,0xFF,0x01,0xFE,0x01,0xC0,0x12,0x00,0x6E,0xFF,0x02,0xF0,0x02,0xE0,
    0x0E,0x00,0x27,0xFF,0x02,0x1F,0x01,0x3F,0x01,0xBF,0x47,0xFF,0x0E,0x00,0x28,0xFF,
    0x01,0xFE,0x49,0xFF,0x07,0x00,0x07,0x00,0x02,0xFF,0x01,0xE1,0x04,0xF0,0x02,0xF8,
    0x05,0xF0,0x02,0xE0,0x12,0x00,0x01,0x80,0x05,0x00,0x02,0x40,0x07,0x00,0x01,0x40,
    0x01,0xC0,0x22,0x00,0x02,0x01,0x01,0x0F,0x01,0x07,0x01,0x87,0x04,0x07,0x01,0x0F,
    0x02,0x8F,0x01,0xDF,0x02,0xEF,0x01,0xF7,0x01,0xF3,0x02,0xF7,0x01,0xFB,0x01,0xF0,
    0x16,0x00,0x0A,0xFF,0x03,0xDF,0x01,0xEF,0x01,0xCF,0x02,0x87,0x02,0x02,0x0E,0x00,
    0x01,0x08,0x01,0x09,0x02,0x03,0x02,0x00,0x01,0x01,0x01,0x02,0x03,0x0E,0x04,0x3F,
    0x04,0xFF,0x01,0xFE,0x02,0xFC,0x05,0xFE,0x02,0xFC,0x01,0xF8,0x01,0xF0,0x01,0x80,
    0x01,0xC0,0x01,0x84,0x01,0xB6,0x01,0xBE,0x01,0xFE,0x01,0xCC,0x01,0x84,0x01,0xD8,
    0x01,0xD0,0x01,0xE0,0x02,0xF0,0x03,0xF8,0x02,0xFC,0x03,0xFE,0x04,0xFF,0x01,0xFD,
    0x02,0xF8,0x01,0xFE,0x0E,0xFF,0x15,0x00,0x14,0xFF,0x03,0xFE,0x04,0xFC,0x02,0xF8,
    0x01,0xFC,0x01,0xFE,0x04,0xFF,0x02,0xFE,0x01,0xF6,0x06,0xF8,0x02,0xFC,0x01,0xFE,
    0x3B,0xFF,0x01,0xE2,0x15,0x00,0x68,0xFF,0x01,0xF7,0x01,0xF3,0x01,0xFF,0x02,0xFE,
    0x01,0x60,0x12,0x00,0x69,0xFF,0x01,0xFD,0x03,0xFF,0x01,0xFE,0x01,0x80,0x11,0x00,
    0x6F,0xFF,0x01,0xF0,0x02,0xC0,0x0E,0x00,0x26,0xFF,0x04,0x3F,0x01,0xBF,0x47,0xFF,
    0x0E,0x00,0x26,0xFF,0x03,0xFE,0x49,0xFF,0x07,0x00,0x07,0x00,0x02,0xFF,0x01,0xE1,
    0x04,0xF0,0x02,0xF8,0x05,0xF0,0x02,0xE0,0x12,0x00,0x01,0x80,0x05,0x00,0x02,0x40,
    0x07,0x00,0x01,0x40,0x01,0xC0,0x22,0x00,0x02,0x01,0x01,0x0F,0x06,0x07,0x01,0x0F,
    0x01,0x8F,0x01,0xCF,0x01,0xDF,0x02,0xEF,0x01,0xF7,0x01,0xF3,0x02,0xF7,0x02,0xFB,
    0x01,0xC0,0x15,0x00,0x0A,0xFF,0x01,0x9F,0x02,0xDF,0x01,0xEF,0x01,0xCF,0x02,0x87,
    0x02,0x02,0x0E,0x00,0x01,0x08,0x01,0x01,0x02,0x03,0x02,0x00,0x01,0x01,0x01,0x02,
    0x03,0x0E,0x04,0x3F,0x04,0xFF,0x01,0xFE,0x02,0xFC,0x05,0xFE,0x02,0xFC,0x01,0xF8,
    0x01,0xB0,0x01,0x80,0x01,0xC0,0x01,0xC2,0x01,0xB2,0x01,0xBE,0x01,0xFE,0x01,0xCC,
    0x01,0x80,0x01,0xD8,0x01,0xD0,0x01,0xE0,0x02,0xF0,0x03,0xF8,0x02,0xFC,0x03,0xFE,
    0x05,0xFF,0x01,0xFC,0x01,0xF8,0x01,0xFE,0x0E,0xFF,0x01,0x0F,0x14,0x00,0x13,0xFF,
    0x04,0xFE,0x04,0xFC,0x02,0xF8,0x01,0xFC,0x01,0xFE,0x04,0xFF,0x03,0xFE,0x06,0xF8,
    0x02,0xFC,0x01,0xFE,0x3C,0xFF,0x15,0x00,0x68,0xFF,0x01,0xF7,0x01,0xF3,0x02,0xFF,
    0x01,0xFE,0x01,0x7E,0x12,0x00,0x69,0xFF,0x01,0xF9,0x04,0xFF,0x01,0xF8,0x11,0x00,
    0x6F,0xFF,0x01,0xF8,0x02,0xC0,0x0E,0x00,0x25,0xFF,0x04,0x3F,0x01,0x7F,0x48,0xFF,
    0x0E,0x00,0x25,0xFF,0x03,0xFC,0x01,0xFE,0x49,0xFF,0x07,0x00,0x07,0x00,0x02,0xFF,
    0x01,0xE1,0x04,0xF0,0x02,0xF8,0x05,0xF0,0x02,0xE0,0x12,0x00,0x01,0x80,0x05,0x00,
    0x02,0x40,0x07,0x00,0x01,0x40,0x01,0xC0,0x22,0x00,0x02,0x01,0x01,0x0F,0x06,0x07,
    0x01,0x0F,0x01,0x8F,0x01,0xCF,0x01,0xDF,0x02,0xEF,0x01,0xF7,0x01,0xF3,0x02,0xF7,
    0x02,0xFB,0x01,0xE8,0x01,0x80,0x14,0x00,0x01,0xBF,0x09,0xFF,0x01,0x9F,0x02,0xDF,
    0x01,0xEF,0x01,0xCF,0x02,0x87,0x02,0x02,0x0E,0x00,0x01,0x08,0x01,0x01,0x02,0x03,
    0x02,0x00,0x01,0x01,0x01,0x02,0x03,0x0E,0x04,0x3F,0x04,0xFF,0x01,0xFE,0x02,0xFC,
    0x05,0xFE,0x02,0xFC,0x01,0xF8,0x01,0xB0,0x01,0x80,0x01,0xC0,0x01,0xC2,0x01,0xDA,
    0x02,0xFE,0x01,0xEC,0x01,0x80,0x01,0xD8,0x01,0xD0,0x01,0xE0,0x02,0xF0,0x03,0xF8,
    0x02,0xFC,0x03,0xFE,0x05,0xFF,0x01,0xFC,0x01,0xF8,0x01,0xFE,0x0F,0xFF,0x14,0x00,
    0x13,0xFF,0x04,0xFE,0x04,0xFC,0x02,0xF8,0x01,0xFC,0x01,0xFE,0x05,0xFF,0x01,0xFE,
    0x01,0xF6,0x06,0xF8,0x02,0xFC,0x01,0xFE,0x3C,0xFF,0x01,0xFB,0x14,0x00,0x68,0xFF,
    0x01,0xFB,0x01,0xF3,0x03,0xFF,0x01,0xFE,0x01,0x7C,0x11,0x00,0x69,0xFF,0x01,0xFD,
    0x05,0xFF,0x01,0xF0,0x10,0x00,0x70,0xFF,0x01,0xF8,0x0F,0x00,0x24,0xFF,0x06,0x7F,
    0x48,0xFF,0x0E,0x00,0x24,0xFF,0x01,0xFC,0x02,0xF8,0x01,0xFC,0x01,0xFE,0x49,0xFF,
    0x07,0x00,0xFF,0x00,0xFF,0x00,0xFF,0x00,0xFF,0x00,0x04,0x00,0xFF,0x00,0xFF,0x00,
    0xFF,0x00,0xFF,0x00,0x04,0x00,0xFF,0x00,0xFF,0x00,0xFF,0x00,0xFF,0x00,0x04,0x00,
    0xFF,0x00,0xFF,0x00,0xFF,0x00,0xFF,0x00,0x04,0x00,0xFF,0x00,0xFF,0x00,0xFF,0x00,
    0xFF,0x00,0x04,0x00,0xFF,0x00,0xFF,0x00,0xFF,0x00,0xFF,0x00,0x04,0x00,0xFF,0x00,
    0xFF,0x00,0xFF,0x00,0xFF,0x00,0x04,0x00,0xFF,0x00,0xFF,0x00,0xFF,0x00,0xFF,0x00,
    0x04,0x00,0xFF,0x00,0xFF,0x00,0xFF,0x00,0xFF,0x00,0x04,0x00,
};
